rls_sci_name;TW_tweet;TW_retweet;TW_favorite;TW_reply
Abalistes stellatus;17;11;57;1
Abudefduf abdominalis;7;0;0;0
Abudefduf bengalensis;13;3;1;0
Abudefduf concolor;3;0;0;0
Abudefduf conformis;0;0;0;0
Abudefduf luridus;23;30;122;2
Abudefduf notatus;6;0;2;1
Abudefduf saxatilis;82;100;323;27
Abudefduf septemfasciatus;3;0;2;1
Abudefduf sexfasciatus;66;24;118;10
Abudefduf sordidus;9;5;22;0
Abudefduf sparoides;1;0;0;0
Abudefduf troschelii;12;26;159;13
Abudefduf vaigiensis;37;78;63;16
Abudefduf whitleyi;3;2;0;0
Acanthaluteres brownii;4;4;10;0
Acanthaluteres spilomelanurus;9;7;23;1
Acanthaluteres vittiger;4;13;57;3
Acanthemblemaria atrata;6;1;0;0
Acanthemblemaria castroi;3;0;0;0
Acanthemblemaria crockeri;2;0;1;0
Acanthemblemaria hancocki;11;61;281;2
Acanthemblemaria spinosa;30;25;59;5
Acanthemblemaria stephensi;9;4;10;0
Acanthistius cinctus;4;5;9;0
Acanthistius ocellatus;7;4;8;0
Acanthistius pardalotus;0;0;0;0
Acanthistius patachonicus;5;3;2;1
Acanthistius sebastoides;1;0;0;0
Acanthistius serratus;1;1;5;0
Acanthochromis polyacanthus;29;82;277;14
Acanthopagrus australis;35;2;9;2
Acanthopagrus latus;36;353;135;5
Acanthostracion polygonius;47;9;15;7
Acanthostracion quadricornis;38;32;70;4
Acanthurus achilles;116;284;755;25
Acanthurus albipectoralis;4;0;0;0
Acanthurus auranticavus;3;0;0;0
Acanthurus bahianus;27;1;12;2
Acanthurus bariene;15;3;1;0
Acanthurus blochii;20;3;8;1
Acanthurus chirurgus;39;43;219;14
Acanthurus chronixis;7;1;4;1
Acanthurus coeruleus;47;57;238;33
Acanthurus dussumieri;44;11;38;4
Acanthurus fowleri;10;0;2;1
Acanthurus gahhm;10;0;0;0
Acanthurus grammoptilus;7;0;8;0
Acanthurus guttatus;27;10;25;3
Acanthurus leucocheilus;8;0;1;0
Acanthurus leucopareius;8;0;6;2
Acanthurus leucosternon;97;54;171;55
Acanthurus lineatus;48;31;79;5
Acanthurus maculiceps;12;0;0;0
Acanthurus mata;28;3;14;4
Acanthurus nigricans;47;115;284;7
Acanthurus nigricauda;13;2;12;1
Acanthurus nigrofuscus;39;16;38;4
Acanthurus nigroris;18;5;12;2
Acanthurus nubilus;4;0;0;0
Acanthurus olivaceus;43;31;168;4
Acanthurus pyroferus;40;28;95;5
Acanthurus reversus;4;0;0;0
Acanthurus sohal;39;15;37;3
Acanthurus tennentii;47;10;37;1
Acanthurus thompsoni;17;20;46;0
Acanthurus triostegus;53;30;83;11
Acanthurus tristis;26;1;4;0
Acanthurus xanthopterus;33;3;15;0
Achoerodus gouldii;16;66;301;6
Achoerodus viridis;36;37;143;6
Aetapcus maculatus;9;32;152;4
Aethaloperca rogaa;21;5;14;3
Afurcagobius tamarensis;4;0;0;0
Aioliops brachypterus;2;0;1;0
Aioliops novaeguineae;0;0;0;0
Albula glossodonta;13;6;26;1
Alectis ciliaris;86;84;127;20
Alloclinus holderi;7;8;26;1
Allomycterus pilatus;3;2;11;0
Alphestes immaculatus;5;0;5;2
Altrichthys azurelineatus;4;10;36;2
Altrichthys curatus;2;0;2;1
Aluterus scriptus;62;122;258;15
Amanses scopas;5;4;8;2
Ambassis jacksoniensis;2;0;0;0
Amblycirrhitus bimacula;1;0;0;0
Amblycirrhitus earnshawi;1;2;0;1
Amblycirrhitus pinos;18;0;9;2
Amblyeleotris fasciata;2;0;0;0
Amblyeleotris guttata;31;54;21;4
Amblyeleotris gymnocephala;2;0;0;1
Amblyeleotris japonica;4;0;0;0
Amblyeleotris periophthalma;10;0;3;2
Amblyeleotris steinitzi;15;9;39;0
Amblyeleotris sungami;5;3;2;0
Amblyeleotris wheeleri;29;2;7;2
Amblyglyphidodon aureus;33;15;65;4
Amblyglyphidodon batunai;1;0;0;0
Amblyglyphidodon curacao;15;57;197;3
Amblyglyphidodon flavilatus;0;0;0;0
Amblyglyphidodon indicus;6;0;0;0
Amblyglyphidodon leucogaster;17;1;2;2
Amblyglyphidodon melanopterus;0;0;0;0
Amblyglyphidodon orbicularis;1;0;0;0
Amblyglyphidodon ternatensis;6;6;14;0
Amblygobius buanensis;1;0;0;0
Amblygobius bynoensis;2;0;0;0
Amblygobius decussatus;7;0;1;0
Amblygobius nocturnus;2;1;1;0
Amblygobius phalaena;35;1;0;0
Amblyrhynchotes honckenii;6;6;9;0
Ammodytes tobianus;26;10;17;7
Amphichaetodon howensis;6;5;19;0
Amphichthys cryptocentrus;9;3;12;0
Amphiprion akallopisos;39;11;23;2
Amphiprion akindynos;40;20;66;3
Amphiprion allardi;21;4;7;2
Amphiprion bicinctus;53;38;78;5
Amphiprion chrysopterus;37;8;27;1
Amphiprion clarkii;119;70;261;12
Amphiprion ephippium;36;10;41;1
Amphiprion frenatus;45;24;67;4
Amphiprion fuscocaudatus;6;0;1;1
Amphiprion latezonatus;30;12;26;3
Amphiprion leucokranos;14;2;6;0
Amphiprion mccullochi;31;9;18;2
Amphiprion melanopus;38;26;72;0
Amphiprion nigripes;38;13;25;1
Amphiprion ocellaris;50;45;35;4
Amphiprion percula;58;101;365;7
Amphiprion perideraion;51;42;80;4
Amphiprion rubrocinctus;11;0;0;0
Amphiprion sandaracinos;41;6;9;2
Anampses caeruleopunctatus;21;8;16;2
Anampses cuvier;5;0;0;0
Anampses elegans;3;0;0;0
Anampses femininus;39;19;39;3
Anampses geographicus;0;0;0;0
Anampses lennardi;41;22;68;0
Anampses lineatus;15;0;2;0
Anampses melanurus;4;0;0;0
Anampses meleagrides;40;71;183;3
Anampses neoguinaicus;12;3;8;0
Anampses twistii;14;3;5;0
Anarrhichthys ocellatus;61;528;828;41
Anisotremus caesius;0;0;0;0
Anisotremus davidsonii;10;7;53;0
Anisotremus interruptus;7;7;80;5
Anisotremus scapularis;8;2;5;0
Anisotremus surinamensis;21;2;6;0
Anisotremus taeniatus;2;0;1;0
Anisotremus virginicus;57;43;103;4
Anoplocapros amygdaloides;4;1;1;0
Anoplocapros inermis;8;2;4;0
Anoplocapros lenticularis;34;30;79;6
Anyperodon leucogrammicus;21;6;28;2
Aphareus furca;3;0;2;0
Aphareus rutilans;5;1;1;0
Aploactisoma milesii;3;1;1;0
Aplodactylus arctidens;3;1;3;1
Aplodactylus etheridgii;0;0;0;0
Aplodactylus lophodon;6;8;11;0
Aplodactylus westralis;0;0;0;0
Apogon atradorsatus;4;0;0;0
Apogon atricaudus;0;0;0;0
Apogon binotatus;7;1;5;1
Apogon dovii;4;0;1;0
Apogon imberbis;50;29;136;17
Apogon lachneri;2;0;0;0
Apogon maculatus;24;3;19;0
Apogon pacificus;6;4;6;1
Apogon retrosella;0;0;0;0
Apogon townsendi;11;1;4;1
Apogonichthyoides timorensis;1;1;2;0
Apolemichthys trimaculatus;38;35;133;3
Aprion virescens;22;3;18;2
Aracana aurita;21;26;81;2
Aracana ornata;34;90;297;7
Archamia bleekeri;9;3;21;0
Arcos poecilophthalmos;1;0;0;0
Arenigobius frenatus;1;0;0;0
Argyrosomus hololepidotus;2;0;0;0
Argyrosomus japonicus;51;19;22;5
Arothron caeruleopunctatus;6;3;8;1
Arothron diadematus;36;0;10;1
Arothron hispidus;49;220;436;13
Arothron inconditus;1;0;0;0
Arothron manilensis;18;23;99;2
Arothron mappa;36;21;43;2
Arothron meleagris;73;469;471;19
Arothron nigropunctatus;55;48;113;9
Arothron stellatus;91;132;389;12
Arripis georgianus;6;0;1;2
Arripis trutta;80;113;238;26
Arripis truttacea;9;7;9;1
Arripis xylabion;1;0;0;0
Artedius harringtoni;36;63;217;12
Aspasmogaster tasmaniensis;5;1;1;0
Aspidontus dussumieri;10;12;46;6
Aspidontus taeniatus;35;84;335;17
Assessor flavissimus;22;4;8;1
Assessor macneilli;24;1;2;0
Assessor randalli;35;6;12;2
Assiculus punctatus;0;0;0;0
Asterropteryx striata;2;3;37;4
Atherina hepsetus;15;0;6;1
Atherina presbyter;17;4;5;1
Atherinomorus vaigiensis;4;0;1;0
Atractoscion aequidens;4;1;4;1
Atrosalarias holomelas;2;0;0;0
Atule mate;17;1;4;5
Atypichthys latus;5;0;4;0
Atypichthys strigatus;14;2;13;0
Aulacocephalus temminckii;8;0;0;0
Aulorhynchus flavidus;19;23;19;4
Austrolabrus maculatus;1;0;0;0
Axoclinus cocoensis;2;0;0;0
Axoclinus lucillae;0;0;0;0
Axoclinus multicinctus;1;0;0;0
Axoclinus rubinoffi;1;0;0;0
Azurina eupalama;17;17;34;9
Balistapus undulatus;57;54;102;10
Balistes capriscus;111;99;275;21
Balistes polylepis;13;6;12;0
Balistes punctatus;10;2;7;0
Balistes vetula;44;37;139;14
Balistoides conspicillum;77;143;411;15
Balistoides viridescens;58;26;44;9
Bathygobius krefftii;5;0;0;0
Bathygobius lineatus;2;0;0;0
Bathystethus cultratus;3;1;0;0
Batrachoides boulengeri;2;4;5;2
Belone belone;84;77;298;36
Belonoperca chabanaudi;13;24;56;0
Blenniella chrysospilos;22;3;10;1
Bodianus albotaeniatus;4;0;1;0
Bodianus anthioides;28;36;132;2
Bodianus axillaris;15;26;77;3
Bodianus bilunulatus;8;0;6;1
Bodianus diana;24;15;21;4
Bodianus dictynna;7;4;12;1
Bodianus diplotaenia;22;19;70;5
Bodianus eclancheri;7;6;22;4
Bodianus frenchii;12;3;8;0
Bodianus loxozonus;8;0;1;0
Bodianus mesothorax;22;29;70;4
Bodianus perditio;6;3;0;0
Bodianus rufus;40;27;103;6
Bodianus scrofa;17;6;11;1
Bodianus unimaculatus;8;16;35;1
Bolbometopon muricatum;51;77;228;14
Boops boops;80;319;1049;37
Boopsoidea inornata;0;0;0;0
Boreogadus saida;43;26;35;1
Bothragonus occidentalis;2;1;5;2
Bovichtus angustifrons;0;0;0;0
Bovichtus argentinus;0;0;0;0
Brachaluteres jacksonianus;27;47;109;7
Brachionichthys hirsutus;49;73;246;6
Brachyistius frenatus;1;0;0;0
Bryaninops amplus;19;9;40;0
Bryaninops erythrops;8;0;1;0
Bryaninops natans;29;762;497;52
Bryaninops nexus;1;0;0;0
Bryaninops yongei;42;21;48;1
Caesio caerulaurea;48;16;21;13
Caesio cuning;44;127;394;9
Caesio lunaris;58;2;15;2
Caesio striata;18;0;2;1
Caesio suevica;6;1;0;0
Caesio teres;77;20;75;24
Caesio varilineata;3;0;1;0
Caesio xanthonota;18;2;34;0
Caesioperca lepidoptera;6;2;6;0
Caesioperca rasor;1;0;0;0
Caesioscorpis theagenes;1;0;1;0
Caffrogobius nudiceps;2;3;3;0
Calamus bajonado;13;3;3;0
Calamus brachysomus;2;0;1;0
Calamus calamus;0;0;0;0
Calamus pennatula;3;0;1;0
Calamus taurinus;2;12;12;0
Callanthias australis;4;1;2;3
Calliclinus geniguttatus;4;5;11;0
Callionymus comptus;8;0;19;11
Callionymus lyra;35;20;45;12
Calloplesiops altivelis;38;26;127;0
Calotomus carolinus;19;18;73;9
Calotomus japonicus;9;0;8;1
Calotomus spinidens;6;0;7;0
Calotomus viridescens;4;0;1;1
Cantherhines dumerilii;9;32;216;1
Cantherhines fronticinctus;5;10;80;1
Cantherhines longicaudus;0;0;0;0
Cantherhines macrocerus;29;16;30;0
Cantherhines pardalis;6;1;4;1
Cantherhines pullus;9;3;7;2
Cantherhines sandwichiensis;2;13;20;1
Cantheschenia grandisquamis;2;0;0;0
Canthidermis maculata;17;31;220;1
Canthidermis sufflamen;7;7;12;1
Canthigaster amboinensis;4;1;9;3
Canthigaster axiologus;1;0;0;0
Canthigaster bennetti;16;6;29;2
Canthigaster callisterna;9;2;1;0
Canthigaster capistrata;4;0;6;0
Canthigaster coronata;23;1;12;0
Canthigaster cyanetron;1;0;0;0
Canthigaster epilampra;1;0;0;0
Canthigaster figueiredoi;1;0;0;0
Canthigaster jactator;20;127;378;5
Canthigaster janthinoptera;11;3;14;0
Canthigaster marquesensis;0;0;0;0
Canthigaster papua;38;26;91;3
Canthigaster punctatissima;7;12;29;0
Canthigaster rapaensis;0;0;0;0
Canthigaster rivulata;15;26;59;3
Canthigaster rostrata;36;14;68;5
Canthigaster sanctaehelenae;1;4;15;4
Canthigaster smithae;4;1;12;3
Canthigaster valentini;52;68;198;7
Caprodon longimanus;21;22;70;9
Caracanthus maculatus;11;26;63;3
Caracanthus typicus;0;0;0;0
Caracanthus unipinna;1;1;4;1
Carangoides bajad;17;2;5;0
Carangoides bartholomaei;25;4;16;1
Carangoides chrysophrys;12;12;26;0
Carangoides ferdau;10;2;23;2
Carangoides fulvoguttatus;18;5;10;2
Carangoides gymnostethus;15;2;11;1
Carangoides orthogrammus;22;13;32;1
Carangoides plagiotaenia;11;2;8;1
Caranx caballus;8;3;3;1
Caranx caninus;11;0;8;0
Caranx crysos;46;12;55;4
Caranx ignobilis;76;230;514;45
Caranx lugubris;34;69;180;3
Caranx melampygus;48;29;64;5
Caranx papuensis;12;25;38;2
Caranx sexfasciatus;56;103;348;9
Caulolatilus princeps;8;7;13;4
Centroberyx affinis;8;7;9;1
Centroberyx gerrardi;7;2;3;4
Centroberyx lineatus;3;12;28;2
Centrogenys vaigiensis;5;17;19;3
Centrolabrus exoletus;11;5;8;0
Centrolabrus melanocercus;10;13;26;1
Centropogon australis;18;7;11;3
Centropyge acanthops;42;10;65;1
Centropyge argi;38;5;17;1
Centropyge bicolor;68;25;126;0
Centropyge bispinosa;89;10;20;1
Centropyge eibli;40;2;15;2
Centropyge ferrugata;36;1;1;0
Centropyge fisheri;28;0;1;0
Centropyge flavissima;75;61;217;7
Centropyge heraldi;26;7;12;0
Centropyge hotumatua;5;0;3;3
Centropyge joculator;35;39;114;7
Centropyge loriculus;114;42;136;10
Centropyge multispinis;11;0;2;0
Centropyge nox;15;0;2;1
Centropyge tibicen;28;0;1;1
Cephalopholis argus;42;25;49;9
Cephalopholis boenak;4;0;0;1
Cephalopholis cruentata;30;4;6;1
Cephalopholis cyanostigma;12;16;20;3
Cephalopholis formosa;26;10;29;0
Cephalopholis fulva;47;63;222;13
Cephalopholis hemistiktos;6;20;5;5
Cephalopholis leopardus;6;1;15;2
Cephalopholis microprion;3;0;1;0
Cephalopholis miniata;51;24;37;10
Cephalopholis panamensis;4;29;42;0
Cephalopholis sexmaculata;4;0;0;0
Cephalopholis sonnerati;28;7;22;1
Cephalopholis spiloparaea;7;0;2;2
Cephalopholis urodeta;11;2;8;0
Cetoscarus bicolor;85;109;270;14
Chaenopsis schmitti;2;10;22;0
Chaetodermis penicilligerus;35;4;22;1
Chaetodipterus faber;45;23;41;1
Chaetodipterus zonatus;3;0;1;0
Chaetodon adiergastos;15;9;74;2
Chaetodon andamanensis;5;0;0;0
Chaetodon argentatus;6;1;4;0
Chaetodon assarius;6;0;0;1
Chaetodon aureofasciatus;6;0;0;0
Chaetodon auriga;61;63;192;6
Chaetodon auripes;10;0;5;3
Chaetodon austriacus;24;12;28;2
Chaetodon baronessa;13;21;63;6
Chaetodon bennetti;29;4;11;1
Chaetodon capistratus;48;26;80;8
Chaetodon citrinellus;12;7;11;0
Chaetodon collare;40;10;24;0
Chaetodon decussatus;11;0;0;0
Chaetodon dolosus;2;16;43;1
Chaetodon ephippium;42;4;25;0
Chaetodon falcula;19;1;1;0
Chaetodon fasciatus;47;8;17;2
Chaetodon flavirostris;21;24;76;1
Chaetodon guentheri;19;5;14;0
Chaetodon guttatissimus;7;0;0;0
Chaetodon humeralis;7;6;39;2
Chaetodon interruptus;9;1;1;0
Chaetodon kleinii;58;16;94;13
Chaetodon lineolatus;23;10;47;9
Chaetodon litus;14;101;306;12
Chaetodon lunula;114;117;448;13
Chaetodon lunulatus;37;84;820;12
Chaetodon madagaskariensis;10;13;62;0
Chaetodon marleyi;8;16;49;0
Chaetodon melannotus;41;19;68;3
Chaetodon mertensii;9;0;0;0
Chaetodon meyeri;24;3;17;2
Chaetodon miliaris;37;37;100;0
Chaetodon multicinctus;14;1;2;0
Chaetodon ocellatus;24;2;3;0
Chaetodon ocellicaudus;7;9;28;1
Chaetodon octofasciatus;27;18;48;1
Chaetodon ornatissimus;41;107;297;12
Chaetodon oxycephalus;0;0;0;0
Chaetodon paucifasciatus;33;54;124;5
Chaetodon pelewensis;6;4;26;0
Chaetodon plebeius;18;12;38;0
Chaetodon punctatofasciatus;10;0;0;0
Chaetodon quadrimaculatus;13;10;29;2
Chaetodon rafflesii;26;4;24;3
Chaetodon rainfordi;7;20;65;0
Chaetodon reticulatus;11;48;179;1
Chaetodon sedentarius;18;6;18;1
Chaetodon semeion;2;7;23;0
Chaetodon semilarvatus;49;170;316;11
Chaetodon speculum;14;46;242;3
Chaetodon striatus;42;23;55;2
Chaetodon triangulum;6;0;2;0
Chaetodon trichrous;6;1;3;0
Chaetodon tricinctus;7;1;8;1
Chaetodon trifascialis;29;34;106;5
Chaetodon trifasciatus;24;3;10;2
Chaetodon ulietensis;35;10;31;4
Chaetodon unimaculatus;20;3;11;1
Chaetodon vagabundus;27;2;14;2
Chaetodon xanthocephalus;20;17;48;2
Chaetodon xanthurus;29;64;342;3
Chaetodon zanzibarensis;6;12;29;1
Chaetodontoplus conspicillatus;34;19;68;1
Chaetodontoplus duboulayi;35;55;213;4
Chaetodontoplus meredithi;19;6;17;1
Chaetodontoplus mesoleucus;18;6;23;0
Chaetodontoplus personifer;14;2;7;1
Chaetodontoplus septentrionalis;36;6;25;0
Chaetodontoplus vanderloosi;5;9;29;1
Champsocephalus esox;2;6;19;1
Chanos chanos;138;139;456;57
Cheilinus abudjubbe;9;1;0;0
Cheilinus chlorourus;17;10;16;1
Cheilinus fasciatus;26;25;66;4
Cheilinus lunulatus;27;6;11;0
Cheilinus oxycephalus;6;8;24;0
Cheilinus trilobatus;20;20;48;6
Cheilinus undulatus;78;349;459;68
Cheilio inermis;9;2;18;1
Cheilodactylus ephippium;2;2;2;0
Cheilodactylus fasciatus;2;1;1;0
Cheilodactylus francisi;2;0;0;0
Cheilodactylus fuscus;10;10;62;0
Cheilodactylus gibbosus;0;0;0;0
Cheilodactylus nigripes;10;18;66;0
Cheilodactylus pixi;0;0;0;0
Cheilodactylus plessisi;0;0;0;0
Cheilodactylus rubrolabiatus;4;1;2;1
Cheilodactylus spectabilis;8;2;8;1
Cheilodactylus vestitus;2;2;6;0
Cheilodactylus zebra;0;0;0;0
Cheilodactylus zonatus;14;45;156;7
Cheilodipterus arabicus;53;164;805;51
Cheilodipterus artus;2;0;0;0
Cheilodipterus intermedius;1;0;0;0
Cheilodipterus isostigmus;2;0;0;0
Cheilodipterus lachneri;1;0;0;0
Cheilodipterus macrodon;22;4;6;0
Cheilodipterus nigrotaeniatus;2;1;6;2
Cheilodipterus parazonatus;0;0;0;0
Cheilodipterus quinquelineatus;18;9;30;1
Cheiloprion labiatus;3;0;1;0
Chelidonichthys capensis;1;0;0;0
Chelmon marginalis;20;2;2;1
Chelmon rostratus;102;40;95;12
Chelmonops curiosus;6;16;66;1
Chelmonops truncatus;11;9;13;1
Chelon auratus;59;261;73;4
Chelon labrosus;206;126;311;68
Chelon ramada;94;261;26;23
Chelon richardsonii;100;541;1081;63
Chelonodon pleurospilus;4;3;34;1
Chilomycterus antennatus;16;4;11;1
Chilomycterus reticulatus;37;20;76;2
Chirodactylus brachydactylus;1;0;0;0
Chirolophis ascanii;6;0;1;0
Chironemus maculosus;0;0;0;0
Chironemus marmoratus;5;2;3;0
Chironemus microlepis;0;0;0;0
Chlorurus atrilunula;0;0;0;0
Chlorurus bleekeri;9;1;5;1
Chlorurus bowersi;8;8;52;0
Chlorurus capistratoides;13;6;20;0
Chlorurus frontalis;6;24;44;1
Chlorurus gibbus;19;6;24;2
Chlorurus japanensis;4;62;127;0
Chlorurus microrhinos;23;20;84;3
Chlorurus rhakoura;4;8;53;3
Chlorurus sordidus;55;137;439;12
Chlorurus spilurus;7;2;6;0
Chlorurus strongylocephalus;16;4;16;2
Choerodon anchorago;20;14;47;3
Choerodon azurio;14;0;15;2
Choerodon cauteroma;1;3;5;0
Choerodon cephalotes;1;0;0;0
Choerodon cyanodus;5;4;4;0
Choerodon fasciatus;55;11;33;2
Choerodon graphicus;6;3;2;0
Choerodon jordani;2;0;0;0
Choerodon monostigma;1;0;0;0
Choerodon rubescens;3;3;7;1
Choerodon schoenleinii;37;177;322;10
Choerodon vitta;0;0;0;0
Chriolepis dialepta;0;0;0;0
Chromis abrupta;0;0;0;0
Chromis acares;9;0;1;0
Chromis agilis;1;0;0;0
Chromis alpha;24;4;7;3
Chromis alta;2;0;1;0
Chromis amboinensis;7;3;9;0
Chromis analis;13;3;3;0
Chromis atrilobata;1;0;1;0
Chromis atripectoralis;10;15;51;0
Chromis atripes;2;2;11;0
Chromis bami;0;0;0;0
Chromis caudalis;1;0;0;0
Chromis chromis;43;286;155;6
Chromis chrysura;4;0;0;0
Chromis cinerascens;0;0;0;0
Chromis crusma;15;6;21;2
Chromis cyanea;39;15;31;2
Chromis dimidiata;8;0;0;0
Chromis dispilus;6;6;19;1
Chromis elerae;0;0;0;0
Chromis flavaxilla;1;0;0;0
Chromis flavipectoralis;2;0;0;0
Chromis flavomaculata;5;0;1;0
Chromis fumea;2;6;18;1
Chromis hanui;1;0;0;0
Chromis hypsilepis;8;1;2;0
Chromis insolata;9;0;0;0
Chromis iomelas;7;38;131;3
Chromis klunzingeri;1;0;0;0
Chromis lepidolepis;0;0;0;0
Chromis limbata;11;10;19;0
Chromis limbaughi;8;0;0;0
Chromis lineata;3;0;0;0
Chromis margaritifer;14;5;26;0
Chromis multilineata;16;7;23;1
Chromis nigrura;2;0;0;0
Chromis nitida;21;6;11;2
Chromis notata;32;19;56;2
Chromis opercularis;6;0;0;0
Chromis ovalis;2;0;0;0
Chromis pamae;0;0;0;0
Chromis pelloura;1;0;0;0
Chromis pembae;0;0;0;0
Chromis punctipinnis;16;27;67;0
Chromis randalli;4;0;0;0
Chromis retrofasciata;11;2;10;1
Chromis scotochiloptera;0;0;0;0
Chromis scotti;7;0;0;0
Chromis ternatensis;25;78;181;3
Chromis vanderbilti;31;3;11;2
Chromis viridis;22;2;12;6
Chromis weberi;11;0;0;0
Chromis westaustralis;1;0;0;0
Chromis xanthochira;4;1;0;0
Chromis xanthura;5;2;0;0
Chromis xutha;0;0;0;0
Chrysiptera biocellata;6;2;2;0
Chrysiptera bleekeri;3;0;0;1
Chrysiptera brownriggii;5;0;0;0
Chrysiptera caesifrons;13;10;7;0
Chrysiptera cyanea;37;32;46;5
Chrysiptera flavipinnis;6;2;5;0
Chrysiptera galba;5;0;2;0
Chrysiptera glauca;3;0;1;0
Chrysiptera hemicyanea;40;340;360;13
Chrysiptera notialis;0;0;0;0
Chrysiptera oxycephala;4;5;31;1
Chrysiptera parasema;60;7;13;2
Chrysiptera rapanui;2;24;61;3
Chrysiptera rex;7;1;3;0
Chrysiptera rollandi;19;1;2;1
Chrysiptera springeri;19;1;3;0
Chrysiptera starcki;16;2;4;0
Chrysiptera talboti;14;0;4;0
Chrysiptera taupou;11;0;2;0
Chrysiptera traceyi;10;1;5;1
Chrysiptera tricincta;5;0;0;0
Chrysiptera unimaculata;6;1;11;1
Chrysoblephus cristiceps;0;0;0;0
Chrysoblephus gibbiceps;6;6;17;3
Chrysoblephus laticeps;7;5;27;0
Cirrhilabrus cyanopleura;19;44;153;7
Cirrhilabrus exquisitus;36;77;144;10
Cirrhilabrus flavidorsalis;9;10;38;3
Cirrhilabrus katherinae;5;10;31;0
Cirrhilabrus laboutei;36;27;148;4
Cirrhilabrus lineatus;33;73;345;13
Cirrhilabrus punctatus;12;39;133;0
Cirrhilabrus randalli;9;40;177;4
Cirrhilabrus scottorum;32;44;172;4
Cirrhilabrus solorensis;32;9;32;0
Cirrhilabrus temminckii;16;11;43;2
Cirrhilabrus walindi;3;12;24;1
Cirrhitichthys aprinus;22;0;0;0
Cirrhitichthys falco;43;9;26;1
Cirrhitichthys oxycephalus;40;7;18;0
Cirrhitops fasciatus;9;0;1;1
Cirrhitops hubbardi;1;0;0;0
Cirrhitus pinnulatus;10;27;125;2
Cirrhitus rivulatus;19;4;20;1
Cirripectes alboapicalis;3;5;12;1
Cirripectes alleni;1;0;0;0
Cirripectes auritus;5;2;7;0
Cirripectes castaneus;3;2;3;0
Cirripectes chelomatus;2;0;0;0
Cirripectes filamentosus;1;0;0;0
Cirripectes fuscoguttatus;0;0;0;0
Cirripectes hutchinsi;0;0;0;0
Cirripectes polyzona;0;0;0;0
Cirripectes springeri;2;0;2;0
Cirripectes stigmaticus;18;2;10;3
Cirripectes vanderbilti;8;0;0;0
Cirripectes variolosus;3;28;152;8
Cleidopus gloriamaris;38;32;68;3
Clepticus parrae;29;15;60;3
Clinus latipennis;1;0;0;0
Clinus superciliosus;8;7;8;0
Clinus venustris;5;7;3;0
Cnidoglanis macrocephalus;25;443;87;28
Cochleoceps bicolor;6;1;1;0
Cochleoceps orientalis;16;23;70;1
Conger verreauxi;3;2;11;1
Congiopodus peruvianus;7;7;49;0
Conniella apterygia;7;1;13;4
Coradion altivelis;9;1;6;1
Coradion chrysozonus;6;6;14;2
Coris auricularis;4;1;5;2
Coris aurilineata;0;0;0;0
Coris aygula;110;102;417;23
Coris batuensis;29;13;56;7
Coris bulbifrons;5;6;32;4
Coris caudimacula;2;7;33;0
Coris centralis;0;0;0;0
Coris cuvieri;12;0;1;1
Coris debueni;5;8;22;2
Coris dorsomacula;2;1;4;1
Coris formosa;45;10;24;2
Coris gaimard;46;73;172;7
Coris hewetti;4;2;10;2
Coris julis;192;168;470;38
Coris picta;14;6;14;0
Coris pictoides;2;0;2;0
Coris roseoviridis;1;0;0;0
Coris sandeyeri;15;19;72;6
Coris venusta;8;0;0;0
Coryphopterus alloides;0;0;0;0
Coryphopterus dicrus;2;1;0;0
Coryphopterus eidolon;1;1;0;0
Coryphopterus glaucofraenum;10;1;3;0
Coryphopterus hyalinus;2;0;0;0
Coryphopterus lipernes;9;2;4;0
Coryphopterus personatus;6;0;0;0
Coryphopterus thrix;1;0;0;0
Coryphopterus tortugae;2;0;0;0
Coryphopterus urospilus;1;0;0;0
Cratinus agassizii;0;0;0;0
Cremnochorites capensis;2;5;2;0
Crenimugil crenilabis;8;8;25;2
Cristiceps aurantiacus;15;49;152;0
Crocodilichthys gracilis;1;0;0;0
Cromileptes altivelis;60;77;147;11
Crossosalarias macrospilus;7;7;9;1
Cryptichthys jojettae;1;0;0;0
Cryptocentrus caeruleomaculatus;0;0;0;0
Cryptocentrus caeruleopunctatus;31;3;7;3
Cryptocentrus cryptocentrus;20;0;4;4
Cryptocentrus fasciatus;0;0;0;0
Cryptocentrus strigilliceps;2;3;6;0
Ctenochaetus binotatus;22;5;7;2
Ctenochaetus cyanocheilus;4;0;3;1
Ctenochaetus flavicauda;18;12;66;0
Ctenochaetus hawaiiensis;33;24;103;3
Ctenochaetus marginatus;7;0;0;0
Ctenochaetus striatus;40;4;8;4
Ctenochaetus tominiensis;24;3;10;2
Ctenochaetus truncatus;14;0;1;0
Ctenogobiops aurocingulus;0;0;0;0
Ctenogobiops crocineus;4;0;0;0
Ctenogobiops feroculus;0;0;0;0
Ctenogobiops maculosus;1;0;0;0
Ctenogobiops mitodes;3;4;3;0
Ctenogobiops pomastictus;5;0;2;0
Ctenogobiops tangaroai;10;3;12;1
Ctenolabrus rupestris;27;99;19;2
Cybiosarda elegans;4;2;10;1
Cyclichthys orbicularis;21;14;34;1
Cymatoceps nasutus;24;31;74;7
Cymatogaster aggregata;25;2;14;1
Cymbacephalus beauforti;40;92;142;6
Cypho purpurascens;14;3;8;1
Cypho zaps;4;3;12;0
Cyprinocirrhites polyactis;11;1;6;0
Dactylophora nigricans;6;1;9;1
Dactylopus dactylopus;32;7;15;3
Daector reticulata;1;7;11;0
Daector schmitti;1;0;0;0
Dascyllus albisella;25;3;8;0
Dascyllus aruanus;61;71;213;2
Dascyllus carneus;8;2;1;1
Dascyllus flavicaudus;6;1;2;0
Dascyllus marginatus;16;24;41;0
Dascyllus melanurus;24;9;38;1
Dascyllus reticulatus;31;12;31;0
Dascyllus strasburgi;4;1;1;0
Dascyllus trimaculatus;47;24;95;1
Decapterus koheru;3;3;1;2
Decapterus macarellus;41;23;68;10
Decapterus muroadsi;14;23;39;0
Decapterus punctatus;16;0;4;3
Dellichthys morelandi;1;2;11;0
Dendrochirus barberi;14;11;31;3
Dendrochirus zebra;55;68;158;4
Dentex dentex;72;51;300;25
Dermatolepis dermatolepis;11;25;42;5
Diademichthys lineatus;32;35;113;3
Diagramma labiosum;10;8;1;0
Diagramma melanacrum;1;0;0;0
Dialommus fuscus;3;0;0;0
Dicentrarchus labrax;142;275;660;53
Dicentrarchus punctatus;86;32;118;17
Dichistius capensis;24;16;15;7
Dicotylichthys punctulatus;10;2;5;0
Didogobius amicuscaridis;2;0;0;0
Dinolestes lewini;7;1;1;0
Diodon holocanthus;94;103;281;80
Diodon hystrix;97;76;215;17
Diodon liturosus;36;10;27;3
Diodon nicthemerus;35;26;64;6
Diplodus annularis;46;15;24;7
Diplodus argenteus;6;0;0;0
Diplodus capensis;1;3;0;0
Diplodus cervinus;51;85;235;15
Diplodus puntazzo;43;161;60;5
Diplodus sargus;88;130;244;35
Diplodus vulgaris;51;2;27;7
Diplogrammus goramensis;3;2;6;0
Diplogrammus xenicus;0;0;0;0
Diploprion bifasciatum;23;3;20;4
Diproctacanthus xanthurus;4;3;18;1
Dipterygonotus balteatus;0;0;0;0
Dischistodus chrysopoecilus;0;0;0;0
Dischistodus darwiniensis;2;12;104;3
Dischistodus melanotus;0;0;0;0
Dischistodus perspicillatus;11;0;3;0
Dischistodus prosopotaenia;2;0;4;0
Dischistodus pseudochrysopoecilus;0;0;0;0
Doratonotus megalepis;2;1;0;0
Dotalabrus alleni;3;1;0;0
Dotalabrus aurantiacus;9;5;26;1
Dules auriga;0;0;0;0
Echeneis naucrates;39;45;100;4
Echeneis neucratoides;10;2;3;2
Echidna nebulosa;37;55;113;3
Echidna nocturna;1;0;0;1
Ecsenius aequalis;1;0;0;0
Ecsenius alleni;0;0;0;0
Ecsenius bandanus;0;0;0;0
Ecsenius bathi;9;1;0;0
Ecsenius bicolor;46;7;3;1
Ecsenius fijiensis;0;0;0;0
Ecsenius fourmanoiri;0;0;0;0
Ecsenius frontalis;2;0;0;0
Ecsenius gravieri;16;3;5;0
Ecsenius kurti;1;0;0;0
Ecsenius lineatus;26;1;11;0
Ecsenius lividanalis;8;0;1;0
Ecsenius midas;33;0;3;1
Ecsenius minutus;3;0;0;0
Ecsenius nalolo;3;5;12;2
Ecsenius namiyei;14;0;0;1
Ecsenius oculatus;1;0;0;0
Ecsenius prooculis;0;0;0;0
Ecsenius randalli;0;0;0;0
Ecsenius schroederi;1;0;0;0
Ecsenius stictus;5;1;9;0
Ecsenius stigmatura;37;3;18;1
Ecsenius tigris;17;1;1;0
Ecsenius tricolor;0;0;0;0
Ecsenius trilineatus;3;1;3;1
Ecsenius yaeyamaensis;4;1;5;0
Ekemblemaria myersi;2;0;0;0
Elacatinus atronasus;4;1;13;1
Elacatinus cayman;4;20;55;3
Elacatinus centralis;3;16;35;3
Elacatinus evelynae;40;10;345;3
Elacatinus figaro;20;1;6;1
Elacatinus genie;4;0;1;1
Elacatinus horsti;5;0;0;0
Elacatinus jarocho;10;31;70;6
Elacatinus oceanops;42;4;16;4
Elacatinus prochilos;6;8;18;2
Elacatinus puncticulatus;11;4;10;0
Elacatinus randalli;17;30;78;3
Elacatinus xanthiprora;4;4;2;0
Elagatis bipinnulata;38;136;164;20
Eleotrica cableae;1;0;0;0
Elops affinis;8;9;7;3
Embiotoca jacksoni;11;4;7;1
Embiotoca lateralis;10;8;50;3
Emblemariopsis pricei;2;0;0;0
Emblemariopsis signifer;5;0;3;0
Enchelycore lichenosa;4;0;0;1
Enchelycore ramosa;7;1;6;2
Engraulis australis;3;0;1;3
Enneanectes carminalis;1;0;0;0
Enneanectes smithi;2;15;53;6
Enneapterygius atrogulare;8;5;10;1
Enneapterygius hemimelas;2;0;1;0
Enneapterygius kermadecensis;0;0;0;0
Enneapterygius larsonae;0;0;0;0
Enneapterygius mirabilis;0;0;0;0
Enneapterygius rufopileus;0;0;0;0
Enneapterygius similis;1;0;0;0
Enophrys diceraus;12;51;148;3
Enoplosus armatus;34;50;162;2
Entomacrodus chapmani;1;0;3;2
Entomacrodus solus;2;0;0;0
Eocallionymus papilio;3;1;0;0
Epibulus brevis;4;3;7;1
Epibulus insidiator;67;374;892;36
Epinephelides armatus;0;0;0;0
Epinephelus adscensionis;36;12;28;2
Epinephelus akaara;38;23;76;1
Epinephelus albomarginatus;4;0;0;0
Epinephelus analogus;4;0;0;0
Epinephelus areolatus;29;137;43;2
Epinephelus bilobatus;0;0;0;0
Epinephelus bleekeri;14;4;0;0
Epinephelus bruneus;35;5;32;2
Epinephelus coeruleopunctatus;15;3;6;1
Epinephelus coioides;49;41;80;5
Epinephelus corallicola;6;0;1;1
Epinephelus costae;38;40;121;11
Epinephelus cyanopodus;4;13;74;0
Epinephelus daemelii;18;23;108;3
Epinephelus fasciatus;57;45;100;6
Epinephelus fuscoguttatus;83;47;74;18
Epinephelus guttatus;17;10;9;1
Epinephelus hexagonatus;5;1;0;0
Epinephelus irroratus;0;0;0;0
Epinephelus itajara;76;1103;1824;82
Epinephelus labriformis;6;8;27;0
Epinephelus lanceolatus;63;241;300;28
Epinephelus longispinis;8;1;5;0
Epinephelus macrospilos;12;4;14;1
Epinephelus maculatus;12;29;119;0
Epinephelus malabaricus;77;21;53;3
Epinephelus marginatus;121;77;243;21
Epinephelus melanostigma;1;0;0;0
Epinephelus merra;34;70;325;6
Epinephelus morio;37;8;56;3
Epinephelus multinotatus;12;2;9;1
Epinephelus ongus;23;7;19;1
Epinephelus polyphekadion;39;25;92;6
Epinephelus quoyanus;12;0;2;1
Epinephelus rivulatus;4;0;1;0
Epinephelus socialis;0;0;0;0
Epinephelus spilotoceps;12;4;8;0
Epinephelus striatus;37;40;155;3
Epinephelus tauvina;28;10;7;0
Epinephelus tukula;36;241;550;9
Epinephelus undulatostriatus;3;5;5;1
Equetus punctatus;39;12;46;6
Eubalichthys bucephalus;8;25;48;0
Eubalichthys caeruleoguttatus;0;0;0;0
Eubalichthys cyanoura;1;0;0;0
Eubalichthys gunnii;0;0;0;0
Eubalichthys mosaicus;17;38;82;0
Eucinostomus dowii;2;0;1;0
Eupetrichthys angustipes;4;2;0;0
Euthynnus affinis;87;138;466;29
Euthynnus lineatus;6;1;1;1
Eutrigla gurnardus;22;68;299;13
Eviota albolineata;4;0;0;0
Eviota atriventris;8;0;3;0
Eviota bifasciata;4;0;6;1
Eviota bimaculata;0;0;0;0
Eviota fasciola;2;0;0;1
Eviota guttata;8;0;6;3
Eviota hoesei;5;3;3;1
Eviota lachdeberei;0;0;0;0
Eviota latifasciata;0;0;0;0
Eviota melasma;32;19;14;2
Eviota mikiae;13;5;0;2
Eviota nigriventris;6;1;0;0
Eviota pellucida;18;2;10;2
Eviota prasites;26;22;85;12
Eviota raja;74;584;644;192
Eviota readerae;2;3;3;0
Eviota rubriceps;3;1;0;0
Eviota sebreei;8;7;22;0
Eviota sigillata;12;5;19;1
Eviota storthynx;1;0;0;0
Eviota zebrina;2;0;0;0
Evistias acutirostris;6;1;4;1
Evynnis cardinalis;4;0;1;0
Exallias brevis;31;23;48;5
Exyrias belissimus;2;0;0;0
Favonigobius lateralis;2;0;0;0
Foetorepus calauropomus;3;1;1;1
Forcipiger flavissimus;41;62;101;6
Forcipiger longirostris;39;25;88;8
Forsterygion capito;1;0;0;0
Forsterygion flavonigrum;1;0;0;0
Forsterygion gymnotum;1;0;0;0
Forsterygion lapillum;6;7;35;5
Forsterygion malcolmi;1;0;0;0
Forsterygion maryannae;1;3;13;0
Forsterygion varium;0;0;0;0
Furcina osimae;1;1;1;0
Fusigobius duospilus;2;0;0;0
Fusigobius inframaculatus;7;1;11;0
Fusigobius melacron;1;0;0;0
Fusigobius neophytus;9;5;29;1
Fusigobius signipinnis;5;1;13;4
Gadus morhua;216;505;866;49
Gasterosteus aculeatus;103;196;707;43
Genicanthus caudovittatus;21;1;4;4
Genicanthus lamarck;41;14;37;3
Genicanthus semicinctus;5;0;0;0
Genicanthus watanabei;37;15;69;4
Genypterus tigerinus;2;0;0;2
Gerres cinereus;26;11;44;0
Gerres equulus;6;1;5;0
Gerres subfasciatus;9;1;5;1
Gillellus chathamensis;0;0;0;0
Girella cyanea;3;0;1;0
Girella elevata;29;7;56;7
Girella fimbriata;2;0;0;0
Girella freminvillii;3;2;22;0
Girella nigricans;15;13;37;1
Girella punctata;30;30;103;5
Girella simplicidens;0;0;0;0
Girella tephraeops;1;0;0;0
Girella tricuspidata;17;0;3;2
Girella zebra;39;36;142;10
Glaucosoma hebraicum;6;0;2;0
Glaucosoma magnificum;8;20;75;0
Glaucosoma scapulare;9;2;0;0
Glyptoparus delicatulus;1;0;0;0
Gnathanacanthus goetzeei;2;16;67;1
Gnathanodon speciosus;38;39;143;13
Gnathodentex aureolineatus;13;32;88;0
Gnatholepis anjerensis;4;0;1;0
Gnatholepis cauerensis;6;8;36;3
Gnatholepis thompsoni;5;0;0;0
Gobiesox woodsi;0;0;0;0
Gobioclinus dendriticus;0;0;0;0
Gobiodon citrinus;36;2;17;1
Gobiodon heterospilos;1;0;0;0
Gobiodon histrio;35;12;30;3
Gobiodon okinawae;40;25;59;2
Gobiodon quinquestrigatus;4;0;0;0
Gobiodon spilophthalmus;1;0;0;0
Gobiosoma hildebrandi;0;0;0;0
Gobiosoma spilotum;0;0;0;0
Gobius bucchichi;30;7;51;3
Gobius cruentatus;21;6;53;1
Gobius fallax;8;0;0;0
Gobius niger;24;16;106;6
Gobius paganellus;48;21;100;6
Gobius tetrophthalmus;1;0;0;0
Gobius xanthocephalus;10;0;2;1
Gobiusculus flavescens;16;7;11;2
Gomphosus caeruleus;28;21;54;2
Gomphosus varius;33;42;172;6
Gorgasia galzini;1;0;0;0
Gracila albomarginata;3;25;80;1
Gramma brasiliensis;33;19;32;0
Gramma loreto;53;42;140;6
Grammatorcynus bicarinatus;3;1;0;1
Grammatorcynus bilineatus;4;2;2;1
Grammistes sexlineatus;24;43;124;4
Gunnellichthys monostigma;0;0;0;0
Gymnocaesio gymnoptera;1;1;0;0
Gymnocanthus tricuspis;4;3;20;0
Gymnoclinus cristulatus;0;0;0;0
Gymnocranius audleyi;0;0;0;0
Gymnocranius euanus;2;0;0;0
Gymnocranius microdon;0;0;0;0
Gymnocrotaphus curvidens;0;0;0;0
Gymnomuraena zebra;85;139;262;28
Gymnosarda unicolor;36;59;59;3
Gymnothorax annasona;3;2;3;1
Gymnothorax breedeni;9;5;18;1
Gymnothorax castaneus;17;1;14;1
Gymnothorax cribroris;4;0;0;0
Gymnothorax dovii;5;0;16;1
Gymnothorax eurostus;15;5;9;1
Gymnothorax favagineus;45;56;194;8
Gymnothorax fimbriatus;37;19;173;5
Gymnothorax flavimarginatus;37;37;100;8
Gymnothorax funebris;80;238;842;34
Gymnothorax javanicus;54;109;168;11
Gymnothorax meleagris;35;77;251;14
Gymnothorax miliaris;22;269;1784;289
Gymnothorax moringa;77;33;92;2
Gymnothorax nubilus;4;3;4;0
Gymnothorax obesus;1;0;0;0
Gymnothorax panamensis;4;0;0;0
Gymnothorax pictus;12;3;6;2
Gymnothorax porphyreus;4;1;1;0
Gymnothorax prasinus;33;9;41;3
Gymnothorax prionodon;1;2;4;0
Gymnothorax thyrsoideus;41;21;66;3
Gymnothorax undulatus;41;24;62;4
Gymnothorax zonipectis;7;8;9;0
Haemulon album;11;0;0;0
Haemulon aurolineatum;27;1;5;1
Haemulon carbonarium;8;17;26;1
Haemulon chrysargyreum;19;22;104;3
Haemulon flaviguttatum;1;0;1;0
Haemulon flavolineatum;33;48;90;4
Haemulon macrostomum;10;2;5;2
Haemulon maculicauda;3;0;0;0
Haemulon melanurum;5;4;6;0
Haemulon parra;10;15;25;1
Haemulon plumierii;31;12;6;0
Haemulon sciurus;29;19;86;5
Haemulon scudderii;1;0;1;0
Haemulon sexfasciatum;5;0;1;0
Haemulon steindachneri;5;0;5;1
Haemulon vittatum;12;0;2;0
Haletta semifasciata;3;0;0;0
Halichoeres adustus;2;0;1;0
Halichoeres argus;4;71;276;36
Halichoeres biocellatus;7;12;36;2
Halichoeres bivittatus;74;39;170;27
Halichoeres brasiliensis;9;59;195;3
Halichoeres brownfieldi;1;0;0;0
Halichoeres burekae;13;58;134;7
Halichoeres chierchiae;7;1;6;2
Halichoeres chloropterus;33;0;2;2
Halichoeres chrysus;35;7;26;3
Halichoeres cosmetus;13;3;18;2
Halichoeres dimidiatus;9;13;40;0
Halichoeres discolor;1;0;0;0
Halichoeres dispilus;7;2;6;1
Halichoeres erdmanni;2;1;0;0
Halichoeres garnoti;25;0;1;0
Halichoeres hartzfeldii;3;0;0;0
Halichoeres hortulanus;33;19;83;2
Halichoeres insularis;1;0;0;0
Halichoeres iridis;27;29;90;2
Halichoeres leucoxanthus;12;1;7;0
Halichoeres leucurus;8;0;0;0
Halichoeres maculipinna;8;21;77;2
Halichoeres malpelo;1;0;0;0
Halichoeres margaritaceus;5;15;30;0
Halichoeres marginatus;26;1;5;2
Halichoeres melanochir;2;0;0;0
Halichoeres melanurus;47;54;104;9
Halichoeres melasmapomus;11;4;8;0
Halichoeres miniatus;2;0;0;0
Halichoeres nebulosus;12;2;3;0
Halichoeres nicholsi;4;6;14;0
Halichoeres nigrescens;8;0;7;1
Halichoeres notospilus;0;0;0;0
Halichoeres orientalis;1;0;0;0
Halichoeres ornatissimus;23;25;62;1
Halichoeres pictus;7;0;6;0
Halichoeres poeyi;9;0;5;0
Halichoeres prosopeion;7;23;76;1
Halichoeres radiatus;21;79;232;10
Halichoeres richmondi;7;1;1;0
Halichoeres salmofasciatus;3;0;0;0
Halichoeres scapularis;14;6;24;4
Halichoeres semicinctus;3;0;0;0
Halichoeres socialis;15;19;21;2
Halichoeres solorensis;1;0;0;0
Halichoeres tenuispinis;14;8;47;0
Halichoeres timorensis;6;1;4;0
Halichoeres trimaculatus;15;6;5;2
Halichoeres trispilus;9;0;0;0
Helcogramma chica;0;0;0;0
Helcogramma decurrens;2;2;0;0
Helcogramma maldivensis;3;0;0;0
Helcogramma striata;32;7;34;2
Helcogrammoides cunninghami;9;3;4;0
Helicolenus percoides;10;0;2;1
Helotes sexlineatus;2;0;0;0
Hemiglyphidodon plagiometopon;2;0;1;0
Hemigymnus fasciatus;15;13;52;1
Hemigymnus melapterus;17;30;234;12
Hemilepidotus jordani;0;0;0;0
Hemiramphus depauperatus;1;0;0;0
Hemitaurichthys multispinosus;1;5;31;0
Hemitaurichthys polylepis;39;7;14;3
Hemitaurichthys thompsoni;4;0;0;0
Hemitaurichthys zoster;19;1;1;2
Heniochus acuminatus;71;71;155;4
Heniochus chrysostomus;15;1;3;0
Heniochus diphreutes;39;12;15;0
Heniochus intermedius;34;3;2;2
Heniochus monoceros;23;13;35;1
Heniochus pleurotaenia;5;1;2;2
Heniochus singularius;11;1;4;0
Heniochus varius;20;1;5;3
Heteroclinus adelaidae;1;0;0;0
Heteroclinus johnstoni;1;0;0;0
Heteroclinus perspicillatus;0;0;0;0
Heteroclinus roseus;77;323;496;39
Heteroclinus tristis;1;6;17;2
Heteroconger hassi;134;159;539;34
Heteropriacanthus cruentatus;41;30;29;7
Heteroscarus acroptilus;24;69;242;6
Heterostichus rostratus;17;15;43;1
Hexagrammos agrammus;12;19;43;0
Hexagrammos decagrammus;22;14;73;4
Hexagrammos otakii;38;74;241;4
Hexagrammos stelleri;7;13;36;1
Hipposcarus harid;17;2;13;1
Hipposcarus longiceps;4;6;8;0
Holacanthus bermudensis;35;26;88;6
Holacanthus ciliaris;93;204;806;13
Holacanthus clarionensis;37;68;155;4
Holacanthus passer;34;29;101;3
Holacanthus tricolor;65;52;236;4
Holocentrus adscensionis;41;27;51;3
Holocentrus rufus;48;30;58;5
Hologymnosus annulatus;7;0;2;0
Hologymnosus doliatus;11;6;16;0
Hoplolatilus cuniculus;2;0;0;0
Hoplolatilus starcki;11;0;4;0
Hoplopagrus guentherii;3;0;1;0
Hyperlophus vittatus;2;2;0;1
Hypoatherina barnesi;2;0;0;0
Hypoplectrodes annulatus;3;2;4;0
Hypoplectrodes huntii;2;0;1;1
Hypoplectrodes maccullochi;9;4;11;0
Hypoplectrodes nigroruber;5;0;1;0
Hypoplectrus aberrans;1;0;0;0
Hypoplectrus castroaguirrei;2;0;0;0
Hypoplectrus chlorurus;2;0;1;0
Hypoplectrus gemma;3;0;0;0
Hypoplectrus guttavarius;15;7;66;4
Hypoplectrus indigo;20;23;85;7
Hypoplectrus maya;4;0;0;0
Hypoplectrus nigricans;7;0;1;0
Hypoplectrus providencianus;8;9;13;0
Hypoplectrus puella;27;8;14;1
Hypoplectrus unicolor;19;20;66;4
Hyporhamphus affinis;2;0;0;1
Hyporthodus flavolimbatus;4;1;1;0
Hyporthodus niveatus;18;2;5;0
Hyporthodus octofasciatus;5;0;0;0
Hypsoblennius proteus;0;0;0;0
Hypsurus caryi;4;1;2;0
Hypsypops rubicundus;62;101;213;12
Iniistius celebicus;0;0;0;0
Iniistius pavo;33;55;207;7
Inimicus caledonicus;4;0;0;0
Inimicus filamentosus;21;23;58;4
Isocirrhitus sexfasciatus;0;0;0;0
Istigobius campbelli;1;0;0;1
Istigobius decoratus;3;0;0;0
Istigobius goldmanni;1;5;8;0
Istigobius hoesei;11;2;2;0
Istigobius nigroocellatus;4;0;0;0
Istigobius rigilius;10;1;9;0
Itycirrhitus wilhelmi;0;0;0;0
Jenkinsia lamprotaenia;0;0;0;0
Johnrandallia nigrirostris;21;11;16;0
Jordania zonope;9;16;30;1
Karalepis stewarti;0;0;0;0
Koumansetta hectori;62;27;26;15
Koumansetta rainfordi;41;46;138;2
Kuhlia mugil;18;8;20;5
Kyphosus analogus;4;0;2;1
Kyphosus azureus;9;3;27;2
Kyphosus bigibbus;10;0;6;2
Kyphosus cinerascens;40;57;47;9
Kyphosus cornelii;2;0;0;0
Kyphosus elegans;6;1;5;0
Kyphosus incisor;6;2;13;1
Kyphosus ocyurus;5;0;1;0
Kyphosus sectatrix;39;36;89;1
Kyphosus sydneyanus;2;2;5;0
Labracinus cyclophthalmus;10;31;95;0
Labracinus lineatus;1;0;1;0
Labracoglossa nitida;1;0;0;0
Labrichthys unilineatus;7;5;12;1
Labrisomus cricota;0;0;0;0
Labrisomus jenkinsi;2;5;6;0
Labrisomus multiporosus;1;0;0;0
Labrisomus nuchipinnis;16;2;8;2
Labrisomus socorroensis;0;0;0;0
Labroides bicolor;20;34;110;2
Labroides dimidiatus;79;344;860;43
Labroides pectoralis;3;0;1;1
Labroides phthirophagus;26;24;83;2
Labroides rubrolabiatus;5;0;2;0
Labropsis alleni;1;0;0;0
Labropsis australis;10;1;5;0
Labropsis manabei;0;0;0;0
Labropsis micronesica;2;0;1;0
Labropsis xanthonota;2;1;0;0
Labrus bergylta;88;105;322;17
Labrus merula;33;12;27;7
Labrus mixtus;44;40;130;10
Labrus viridis;19;14;54;9
Lachnolaimus maximus;60;135;377;23
Lactophrys bicaudalis;16;3;22;6
Lactophrys triqueter;68;91;202;8
Lactoria diaphana;27;21;160;2
Lactoria fornasini;35;26;73;5
Larabicus quadrilineatus;16;5;11;1
Latridopsis ciliaris;1;0;0;0
Latridopsis forsteri;9;0;0;0
Latropiscis purpurissatus;15;4;12;0
Leiocottus hirundo;1;0;0;0
Lepidonectes bimaculatus;0;0;0;0
Lepidonectes clarkhubbsi;0;0;0;0
Lepidonectes corallicola;2;0;0;0
Lepidozygus tapeinosoma;3;0;0;0
Leptatherina presbyteroides;0;0;0;0
Leptocottus armatus;17;37;69;4
Leptojulis cyanopleura;1;0;0;0
Leptoscarus vaigiensis;24;23;75;3
Lesueurigobius friesii;2;0;1;1
Lethrinus amboinensis;0;0;0;0
Lethrinus atkinsoni;1;0;0;0
Lethrinus borbonicus;0;0;0;0
Lethrinus erythracanthus;4;0;0;0
Lethrinus erythropterus;0;0;0;0
Lethrinus genivittatus;3;0;1;1
Lethrinus harak;18;64;175;4
Lethrinus laticaudis;1;0;0;0
Lethrinus lentjan;14;2;3;0
Lethrinus microdon;2;0;2;0
Lethrinus miniatus;16;3;9;3
Lethrinus nebulosus;8;3;30;2
Lethrinus obsoletus;2;0;0;0
Lethrinus olivaceus;21;2;20;2
Lethrinus ornatus;8;6;20;1
Lethrinus rubrioperculatus;3;0;0;0
Lethrinus variegatus;4;4;4;2
Lethrinus xanthochilus;5;1;1;0
Leviprora inops;1;0;0;0
Limnichthys fasciatus;2;3;9;0
Liparis montagui;9;18;77;1
Lipophrys pholis;100;412;520;50
Lithognathus lithognathus;16;3;7;2
Lithognathus mormyrus;44;25;73;11
Liza luciae;0;0;0;0
Lotella rhacina;9;5;36;2
Lotilia graciliosa;36;6;19;1
Lucayablennius zingaro;12;4;14;1
Lutjanus alexandrei;7;1;1;0
Lutjanus analis;39;5;40;3
Lutjanus apodus;38;41;194;3
Lutjanus aratus;1;0;1;0
Lutjanus argentimaculatus;41;50;181;4
Lutjanus argentiventris;16;4;13;1
Lutjanus biguttatus;17;23;38;1
Lutjanus bohar;45;101;231;6
Lutjanus boutton;0;0;0;0
Lutjanus campechanus;57;41;201;12
Lutjanus carponotatus;15;4;18;4
Lutjanus cyanopterus;38;15;10;2
Lutjanus decussatus;5;6;20;2
Lutjanus ehrenbergii;13;0;8;1
Lutjanus erythropterus;18;3;4;3
Lutjanus fulviflamma;23;6;28;3
Lutjanus fulvus;13;5;30;1
Lutjanus gibbus;39;45;105;10
Lutjanus griseus;41;111;164;5
Lutjanus guttatus;40;7;11;1
Lutjanus inermis;1;0;0;0
Lutjanus jocu;25;11;79;2
Lutjanus johnii;28;3;5;7
Lutjanus jordani;5;10;4;2
Lutjanus kasmira;57;22;60;4
Lutjanus lemniscatus;0;0;0;0
Lutjanus lutjanus;5;3;0;0
Lutjanus mahogoni;10;4;48;1
Lutjanus monostigma;22;8;20;1
Lutjanus novemfasciatus;3;0;0;0
Lutjanus quinquelineatus;11;104;39;9
Lutjanus rivulatus;10;1;5;0
Lutjanus rufolineatus;1;16;5;1
Lutjanus russellii;29;29;223;2
Lutjanus sebae;65;31;77;6
Lutjanus semicinctus;0;0;0;0
Lutjanus synagris;26;14;56;0
Lutjanus viridis;10;1;6;1
Lutjanus vitta;15;0;18;3
Luzonichthys waitei;5;0;0;0
Luzonichthys whitleyi;1;0;0;0
Lythrypnus dalli;38;10;41;5
Lythrypnus gilberti;8;0;16;1
Lythrypnus insularis;0;0;0;0
Macolor macularis;18;12;72;11
Macolor niger;28;3;21;1
Macrodontogobius wilburi;2;0;0;0
Macropharyngodon bipartitus;38;19;26;3
Macropharyngodon choati;26;10;42;0
Macropharyngodon geoffroy;24;3;8;0
Macropharyngodon kuiteri;7;0;0;0
Macropharyngodon meleagris;36;22;40;1
Macropharyngodon negrosensis;10;0;1;0
Macropharyngodon ornatus;7;0;2;0
Malacanthus brevirostris;7;0;5;0
Malacanthus latovittatus;13;1;1;0
Malacanthus plumieri;13;0;7;1
Malacoctenus boehlkei;3;0;0;0
Malacoctenus ebisui;1;0;0;0
Malacoctenus hubbsi;3;0;9;0
Malacoctenus macropus;3;0;0;0
Malacoctenus margaritae;0;0;0;0
Malacoctenus tetranemus;2;0;0;0
Malacoctenus triangulatus;11;0;4;0
Malacoctenus zonifer;2;0;0;0
Malacoctenus zonogaster;0;0;0;0
Manonichthys splendens;23;8;30;0
Maxillicosta scabriceps;3;0;0;0
Mccoskerichthys sandae;6;36;65;5
Mecaenichthys immaculatus;6;2;4;0
Medialuna californiensis;8;4;8;0
Megalops atlanticus;134;793;2756;53
Meiacanthus abruptus;1;0;0;0
Meiacanthus atrodorsalis;17;11;35;1
Meiacanthus bundoon;3;0;0;0
Meiacanthus crinitus;0;0;0;0
Meiacanthus ditrema;0;0;0;0
Meiacanthus grammistes;31;24;59;3
Meiacanthus kamoharai;26;5;12;1
Meiacanthus lineatus;0;0;0;0
Meiacanthus luteus;0;0;0;0
Meiacanthus mossambicus;5;0;0;0
Meiacanthus naevius;2;0;0;0
Meiacanthus nigrolineatus;11;12;25;2
Meiacanthus oualanensis;11;1;14;2
Meiacanthus phaeus;0;0;0;0
Meiacanthus smithi;16;0;0;0
Meiacanthus tongaensis;4;0;0;0
Melanogrammus aeglefinus;97;228;251;17
Melichthys indicus;11;1;1;1
Melichthys niger;37;39;91;7
Melichthys vidua;30;6;39;5
Mendosoma lineatum;5;0;3;2
Meuschenia australis;0;0;0;0
Meuschenia flavolineata;1;0;0;0
Meuschenia freycineti;12;24;66;0
Meuschenia galii;4;2;40;1
Meuschenia hippocrepis;9;20;62;1
Meuschenia scaber;12;5;16;1
Meuschenia trachylepis;8;10;39;0
Meuschenia venusta;3;0;0;0
Microcanthus strigatus;31;45;180;4
Microgobius microlepis;1;0;1;0
Microlepidotus brevipinnis;1;0;0;0
Microspathodon bairdii;2;0;2;0
Microspathodon chrysurus;30;11;58;7
Microspathodon dorsalis;5;0;1;0
Mimoblennius lineathorax;0;0;0;0
Mola mola;499;8017;20281;1588
Molva molva;106;302;999;57
Monacanthus chinensis;30;9;19;2
Monacanthus tuckeri;32;5;5;0
Monodactylus argenteus;43;20;68;7
Monotaxis grandoculis;31;36;42;5
Monotaxis heterodon;4;12;65;3
Mugil cephalus;240;421;963;81
Mugil curema;75;62;181;20
Mugil galapagensis;2;0;10;0
Mulloidichthys dentatus;2;0;2;0
Mulloidichthys flavolineatus;16;2;10;0
Mulloidichthys martinicus;17;7;48;1
Mulloidichthys mimicus;0;0;0;0
Mulloidichthys vanicolensis;39;46;143;8
Mullus argentinae;1;0;0;0
Mullus surmuletus;74;64;152;19
Muraena argus;5;0;3;2
Muraena augusti;16;4;7;0
Muraena clepsydra;4;0;0;0
Muraena helena;157;210;536;37
Muraena lentiginosa;18;8;30;2
Mycteroperca bonaci;42;11;29;1
Mycteroperca fusca;5;1;1;1
Mycteroperca interstitialis;6;2;3;0
Mycteroperca jordani;12;0;1;0
Mycteroperca microlepis;17;2;5;0
Mycteroperca olfax;7;6;9;0
Mycteroperca rosacea;11;2;14;5
Mycteroperca tigris;31;12;42;0
Mycteroperca xenarcha;14;5;31;8
Myoxocephalus scorpius;35;7;37;5
Myrichthys maculosus;22;17;44;2
Myrichthys tigrinus;14;2;29;1
Myripristis adusta;4;0;1;0
Myripristis amaena;3;1;3;1
Myripristis berndti;24;41;150;0
Myripristis clarionensis;0;0;0;0
Myripristis earlei;1;0;0;0
Myripristis gildi;0;0;0;0
Myripristis hexagona;1;0;1;0
Myripristis jacobus;27;33;54;0
Myripristis kochiensis;0;0;0;0
Myripristis kuntee;8;1;5;0
Myripristis leiognathus;3;0;0;0
Myripristis murdjan;26;60;334;31
Myripristis pralinia;4;45;113;1
Myripristis randalli;1;0;0;0
Myripristis tiki;0;0;0;0
Myripristis violacea;5;0;2;0
Myripristis vittata;2;2;2;0
Nannosalarias nativitatis;1;0;0;0
Naso annulatus;26;161;708;13
Naso brachycentron;5;2;5;1
Naso brevirostris;106;259;708;46
Naso caeruleacauda;2;0;0;1
Naso caesius;16;5;12;8
Naso elegans;75;12;56;5
Naso fageni;3;0;0;0
Naso hexacanthus;25;5;25;3
Naso lituratus;81;30;42;5
Naso thynnoides;1;0;0;0
Naso tonganus;5;3;12;1
Naso unicornis;53;84;226;9
Naso vlamingii;68;25;88;1
Neatypus obliquus;2;0;4;0
Nectamia similis;0;0;0;0
Nelusetta ayraud;11;4;16;6
Nemadactylus bergi;7;0;1;0
Nemadactylus douglasii;46;33;144;5
Nemadactylus macropterus;11;2;6;5
Nemadactylus valenciennesi;0;0;0;0
Nemateleotris magnifica;20;63;285;12
Neocirrhites armatus;24;17;31;2
Neoditrema ransonnetii;11;4;18;0
Neoglyphidodon bonang;2;0;0;0
Neoglyphidodon carlsoni;1;0;0;0
Neoglyphidodon crossi;11;1;1;0
Neoglyphidodon melas;17;4;8;2
Neoglyphidodon nigroris;14;0;0;0
Neoglyphidodon oxyodon;13;1;1;1
Neoglyphidodon polyacanthus;0;0;0;0
Neoglyphidodon thoracotaeniatus;3;0;0;0
Neomyxus leuciscus;1;0;2;0
Neoniphon argenteus;3;0;1;1
Neoniphon marianus;17;9;17;1
Neoniphon opercularis;2;0;2;0
Neoniphon sammara;32;5;12;5
Neoodax balteatus;7;7;20;1
Neopomacentrus anabatoides;1;0;0;0
Neopomacentrus aquadulcis;0;0;0;0
Neopomacentrus azysron;10;1;1;1
Neopomacentrus bankieri;1;0;0;0
Neopomacentrus cyanomos;20;12;20;1
Neopomacentrus filamentosus;1;0;4;1
Neopomacentrus metallicus;0;0;0;0
Neopomacentrus miryae;0;0;0;0
Neopomacentrus nemurus;1;0;0;0
Neopomacentrus violascens;0;0;0;0
Neosebastes pandus;1;1;1;0
Neosebastes scorpaenoides;4;1;5;0
Nesogobius hinsbyi;0;0;0;0
Nesogobius pulchellus;1;0;0;0
Nexilosus latifrons;4;9;25;2
Nicholsina denticulata;1;4;6;1
Notocirrhitus splendens;3;0;0;0
Notoclinops segmentatus;4;0;2;0
Notoclinops yaldwyni;1;0;0;0
Notoclinus fenestratus;1;1;3;0
Notolabrus celidotus;6;0;0;0
Notolabrus cinctus;1;0;0;0
Notolabrus fucicola;8;12;21;0
Notolabrus gymnogenis;15;24;77;1
Notolabrus inscriptus;1;0;0;0
Notolabrus parilus;2;3;9;0
Notolabrus tetricus;5;0;8;0
Novaculichthys taeniourus;32;7;61;4
Oblada melanura;55;23;50;5
Ocyurus chrysurus;42;23;195;5
Odax cyanoallix;2;0;0;0
Odax pullus;11;5;5;2
Odontoscion dentex;8;2;0;1
Odontoscion eurymesops;1;0;0;0
Odontoscion xanthops;0;0;0;0
Odonus niger;37;91;240;10
Ogcocephalus darwini;62;339;1146;74
Ogilbia cocoensis;0;0;0;0
Ogilbia galapagosensis;0;0;0;0
Ogilbichthys ferocis;0;0;0;0
Ogilbyina novaehollandiae;3;0;0;0
Ogilbyina queenslandiae;2;0;1;0
Olisthops cyanomelas;6;3;5;1
Oman ypsilon;20;4;22;6
Omegophora armilla;1;0;0;0
Omegophora cyanopunctata;0;0;0;0
Omobranchus aurosplendidus;0;0;0;0
Omobranchus germaini;4;3;2;0
Omobranchus mekranensis;0;0;0;0
Omobranchus smithi;1;0;0;0
Ophioblennius atlanticus;22;5;9;0
Ophioblennius clippertonensis;1;0;0;0
Ophioblennius steindachneri;16;10;59;3
Ophiodon elongatus;43;102;298;16
Ophthalmolepis lineolata;9;19;68;0
Opisthocentrus ocellatus;12;3;14;0
Opisthocentrus tenuis;8;2;12;0
Opisthocentrus zonope;6;3;15;0
Opistognathus aurifrons;46;58;119;94
Opistognathus darwiniensis;5;4;19;1
Opistognathus randalli;8;2;3;0
Oplegnathus conwayi;0;0;0;0
Oplegnathus insignis;5;1;3;0
Optivus agastos;13;1;2;3
Orthonopias triacis;3;0;7;0
Orthopristis forbesi;0;0;0;0
Ostorhinchus angustatus;1;0;0;0
Ostorhinchus apogonoides;14;8;11;1
Ostorhinchus aureus;35;10;17;2
Ostorhinchus capricornis;5;0;1;0
Ostorhinchus chrysotaenia;4;28;112;0
Ostorhinchus doederleini;11;2;2;1
Ostorhinchus fasciatus;5;5;8;0
Ostorhinchus flavus;1;0;0;0
Ostorhinchus limenus;9;1;2;1
Ostorhinchus luteus;3;0;0;0
Ostorhinchus multilineatus;0;0;0;0
Ostorhinchus nigrofasciatus;7;0;0;0
Ostorhinchus norfolcensis;0;0;0;0
Ostorhinchus notatus;2;0;1;0
Ostorhinchus parvulus;16;0;0;0
Ostorhinchus properuptus;13;6;13;0
Ostorhinchus rubrimacula;1;0;0;1
Ostorhinchus schlegeli;2;2;8;0
Ostorhinchus sealei;4;1;6;1
Ostorhinchus urostigmus;0;0;0;0
Ostorhinchus victoriae;56;6598;6522;2250
Ostorhinchus wassinki;4;3;7;1
Ostracion cubicus;40;518;1667;44
Ostracion cyanurus;19;13;26;0
Ostracion immaculatus;26;1;10;3
Ostracion meleagris;58;213;491;21
Ostracion solorensis;9;0;1;0
Ostracion whitleyi;5;1;1;0
Othos dentex;8;1;7;0
Oxycercichthys veliferus;2;0;0;0
Oxycheilinus bimaculatus;19;22;60;6
Oxycheilinus celebicus;5;0;0;0
Oxycheilinus digramma;27;1015;288;55
Oxycheilinus mentalis;1;0;0;0
Oxycheilinus orientalis;12;0;7;0
Oxycheilinus unifasciatus;2;0;0;1
Oxycirrhites typus;56;55;164;8
Oxyjulis californica;14;43;130;4
Oxylebius pictus;26;16;64;1
Oxymonacanthus longirostris;54;103;154;9
Pachymetopon aeneum;1;4;8;0
Pachymetopon blochii;6;4;1;1
Pachymetopon grande;3;1;1;0
Pagellus acarne;45;9;34;11
Pagellus erythrinus;45;8;41;7
Pagrus auratus;149;74;231;42
Pagrus auriga;20;5;27;2
Pagrus pagrus;70;62;162;18
Parablennius gattorugine;66;46;173;15
Parablennius incognitus;25;5;34;4
Parablennius intermedius;16;0;3;1
Parablennius laticlavius;3;0;0;0
Parablennius marmoreus;16;5;19;3
Parablennius pilicornis;34;32;68;6
Parablennius rouxi;26;3;5;0
Parablennius sanguinolentus;18;6;24;1
Parablennius serratolineatus;1;0;0;0
Parablennius tasmanianus;10;12;24;2
Parablennius zvonimiri;9;2;3;0
Paracaesio xanthura;12;1;9;0
Paracanthurus hepatus;90;391;490;99
Paracentropyge multifasciata;61;20;49;2
Parachaetodon ocellatus;12;1;2;0
Paracheilinus cyaneus;8;0;0;0
Paracheilinus octotaenia;28;53;158;5
Paracirrhites arcatus;40;16;30;1
Paracirrhites forsteri;51;21;48;2
Paracirrhites hemistictus;0;0;0;0
Paracirrhites nisus;3;0;2;0
Paracirrhites xanthus;11;3;14;0
Paradiancistrus cuyoensis;0;0;0;0
Paragobiodon echinocephalus;9;7;6;3
Paragobiodon xanthosoma;19;6;64;3
Parajulis poecilepterus;22;29;94;1
Paralabrax albomaculatus;2;0;0;0
Paralabrax auroguttatus;1;0;1;0
Paralabrax clathratus;26;34;121;6
Paralabrax maculatofasciatus;8;17;40;1
Paralabrax nebulifer;19;15;27;6
Paraluteres prionurus;20;20;157;6
Paramonacanthus japonicus;4;1;2;1
Paranotothenia magellanica;4;7;5;3
Paranthias colonus;12;6;16;1
Paranthias furcifer;13;43;194;11
Parapercis australis;4;2;2;0
Parapercis clathrata;19;9;46;0
Parapercis colias;13;1;12;2
Parapercis haackei;1;0;0;0
Parapercis lineopunctata;2;8;17;0
Parapercis millepunctata;2;0;0;0
Parapercis multiplicata;0;0;0;0
Parapercis pacifica;0;0;0;0
Parapercis queenslandica;3;5;5;0
Parapercis ramsayi;4;0;1;0
Parapercis schauinslandii;8;11;31;3
Parapercis snyderi;3;0;0;0
Parapercis stricticeps;2;0;1;0
Parapercis tetracantha;0;0;0;0
Parapercis xanthogramma;0;0;0;0
Parapercis xanthozona;1;0;0;0
Paraplesiops bleekeri;23;49;195;9
Paraplesiops meleagris;16;24;89;0
Paraplesiops poweri;4;0;0;0
Paraplotosus butleri;3;0;4;1
Parapriacanthus dispar;0;0;0;0
Parapriacanthus elongatus;0;0;0;0
Parapriacanthus ransonneti;34;10;40;1
Parapristipoma octolineatum;6;4;4;1
Parapristipoma trilineatum;23;18;41;5
Parascorpis typus;2;0;0;1
Paratrachichthys trailli;2;0;0;0
Pareques acuminatus;39;28;117;4
Pareques perissa;3;1;0;0
Pareques viola;62;656;965;71
Parequula melbournensis;2;0;1;0
Paristiopterus gallipavo;1;5;14;0
Paristiopterus labiosus;1;0;0;0
Parma alboscapularis;0;0;0;0
Parma bicolor;8;1;17;2
Parma kermadecensis;0;0;0;0
Parma mccullochi;3;0;8;0
Parma microlepis;8;15;38;0
Parma occidentalis;18;11;35;5
Parma oligolepis;2;0;1;0
Parma polylepis;4;3;8;1
Parma unifasciata;5;1;1;0
Parma victoriae;0;0;0;0
Parupeneus barberinoides;14;7;24;0
Parupeneus barberinus;10;22;80;2
Parupeneus chrysopleuron;4;0;1;0
Parupeneus ciliatus;5;0;3;1
Parupeneus crassilabris;4;0;0;1
Parupeneus cyclostomus;30;14;53;4
Parupeneus forsskali;17;8;8;0
Parupeneus heptacanthus;11;0;0;2
Parupeneus indicus;7;1;2;0
Parupeneus insularis;2;0;0;0
Parupeneus macronemus;8;1;9;0
Parupeneus multifasciatus;28;10;78;7
Parupeneus pleurostigma;1;0;0;0
Parupeneus porphyreus;5;0;0;0
Parupeneus spilurus;5;0;1;0
Patagonotothen cornucola;7;8;20;1
Patagonotothen guntheri;0;0;0;0
Patagonotothen tessellata;8;5;23;9
Patagonotothen wiltoni;0;0;0;0
Pelates octolineatus;2;0;0;0
Pelates quadrilineatus;2;83;26;10
Pelsartia humeralis;0;0;0;0
Pempheris adspersa;7;2;0;0
Pempheris adusta;2;2;1;0
Pempheris affinis;5;0;0;0
Pempheris analis;4;0;0;0
Pempheris compressa;5;0;1;0
Pempheris klunzingeri;2;2;3;0
Pempheris mangula;13;0;0;0
Pempheris molucca;2;0;0;0
Pempheris multiradiata;10;0;2;0
Pempheris ornata;1;0;0;0
Pempheris oualensis;5;0;2;0
Pempheris schomburgkii;13;10;28;1
Pempheris schwenkii;4;0;0;0
Pempheris vanicolensis;18;8;10;0
Pentaceropsis recurvirostris;11;27;83;1
Pentapodus aureofasciatus;4;1;2;2
Pentapodus caninus;7;1;10;4
Pentapodus emeryii;12;1;5;4
Pentapodus paradiseus;1;0;0;0
Pentapodus porosus;0;0;0;0
Pentapodus trivittatus;1;0;0;0
Pentapodus vitta;1;0;0;0
Pervagor alternans;3;5;9;0
Pervagor aspricaudus;5;7;10;1
Pervagor janthinosoma;1;0;0;0
Pervagor marginalis;0;0;0;0
Pervagor melanocephalus;11;12;12;0
Petroscirtes breviceps;26;5;30;2
Petroscirtes fallax;3;0;0;0
Petroscirtes lupus;19;10;21;1
Petroscirtes mitratus;11;13;28;3
Phanerodon atripes;1;0;0;0
Pholidapus dybowskii;1;0;0;0
Pholidichthys leucotaenia;38;25;58;4
Pholis crassispina;6;2;13;0
Pholis gunnellus;39;37;182;13
Phyllogobius platycephalops;0;0;0;0
Pictichromis paccagnellae;39;4;7;0
Pictichromis porphyrea;20;0;1;0
Pictilabrus laticlavius;16;30;91;1
Pictilabrus viridis;1;0;1;0
Pinguipes brasilianus;6;9;22;0
Pinguipes chilensis;8;4;7;4
Plagiotremus azaleus;4;2;8;0
Plagiotremus ewaensis;1;0;0;0
Plagiotremus goslinei;1;0;0;0
Plagiotremus laudandus;5;22;54;2
Plagiotremus phenax;2;2;4;1
Plagiotremus rhinorhynchos;38;12;49;6
Plagiotremus tapeinosoma;23;9;24;1
Plagiotremus townsendi;0;0;0;0
Platax batavianus;34;18;51;3
Platax boersii;39;30;35;16
Platax orbicularis;56;71;447;16
Platax pinnatus;57;376;1372;13
Platax teira;124;252;1091;58
Platycephalus bassensis;13;5;10;0
Platycephalus endrachtensis;1;0;0;0
Platycephalus fuscus;26;12;35;7
Platycephalus laevigatus;2;0;0;0
Platycephalus richardsoni;2;0;7;0
Platycephalus speculator;3;0;1;1
Platygillellus rubellulus;0;0;0;0
Plectorhinchus albovittatus;11;0;0;2
Plectorhinchus caeruleonothus;22;37;22;3
Plectorhinchus chaetodonoides;47;114;249;8
Plectorhinchus chrysotaenia;3;0;0;0
Plectorhinchus diagrammus;11;0;3;0
Plectorhinchus flavomaculatus;5;1;2;0
Plectorhinchus gibbosus;34;20;22;4
Plectorhinchus lessonii;8;28;49;3
Plectorhinchus lineatus;36;47;126;2
Plectorhinchus multivittatus;2;0;2;1
Plectorhinchus picus;22;8;26;4
Plectorhinchus polytaenia;32;23;47;1
Plectorhinchus vittatus;64;94;173;5
Plectranthias nanus;4;7;38;2
Plectroglyphidodon dickii;5;1;3;0
Plectroglyphidodon flaviventris;0;0;0;0
Plectroglyphidodon imparipennis;3;0;4;0
Plectroglyphidodon johnstonianus;3;2;5;0
Plectroglyphidodon lacrymatus;12;1;5;1
Plectroglyphidodon leucozonus;4;3;4;0
Plectroglyphidodon phoenixensis;1;0;0;0
Plectropomus areolatus;20;4;15;1
Plectropomus laevis;29;19;47;4
Plectropomus leopardus;46;116;285;78
Plectropomus maculatus;18;0;2;1
Plectropomus oligacanthus;4;0;2;0
Plectropomus pessuliferus;19;28;34;7
Pleurosicya elongata;1;0;0;0
Pleurosicya mossambica;16;13;135;6
Plotosus canius;26;5;4;4
Plotosus japonicus;38;388;1151;48
Plotosus lineatus;132;1637;2186;594
Pollachius pollachius;71;38;86;28
Pollachius virens;79;69;124;33
Polysteganus praeorbitalis;2;9;12;0
Polysteganus undulosus;3;6;22;0
Pomacanthus arcuatus;43;44;121;6
Pomacanthus imperator;82;365;1473;34
Pomacanthus navarchus;60;50;189;7
Pomacanthus paru;70;88;361;22
Pomacanthus semicirculatus;46;345;632;7
Pomacanthus sexstriatus;31;20;50;0
Pomacanthus xanthometopon;48;65;190;6
Pomacanthus zonipectus;26;8;39;3
Pomacentrus adelus;2;6;12;0
Pomacentrus albimaculus;0;0;0;0
Pomacentrus alexanderae;1;0;0;0
Pomacentrus alleni;24;4;6;0
Pomacentrus amboinensis;23;12;12;1
Pomacentrus aurifrons;2;0;0;0
Pomacentrus auriventris;13;1;2;1
Pomacentrus australis;2;2;2;0
Pomacentrus baenschi;2;0;0;0
Pomacentrus bankanensis;14;9;46;1
Pomacentrus brachialis;1;0;0;2
Pomacentrus burroughi;1;0;2;0
Pomacentrus caeruleus;7;1;1;0
Pomacentrus callainus;0;0;0;0
Pomacentrus chrysurus;6;2;5;1
Pomacentrus coelestis;33;10;16;2
Pomacentrus cuneatus;0;0;0;0
Pomacentrus grammorhynchus;2;0;0;0
Pomacentrus imitator;0;0;0;0
Pomacentrus indicus;2;0;0;0
Pomacentrus lepidogenys;1;0;0;0
Pomacentrus microspilus;0;0;0;0
Pomacentrus milleri;3;2;16;1
Pomacentrus moluccensis;23;10;33;4
Pomacentrus nagasakiensis;6;13;79;3
Pomacentrus nigromanus;0;0;0;0
Pomacentrus nigromarginatus;0;0;0;0
Pomacentrus opisthostigma;2;0;0;0
Pomacentrus pavo;18;4;8;0
Pomacentrus philippinus;10;1;2;1
Pomacentrus reidi;2;0;0;0
Pomacentrus simsiang;3;0;10;0
Pomacentrus smithi;7;0;1;1
Pomacentrus spilotoceps;0;0;0;0
Pomacentrus sulfureus;18;1;3;0
Pomacentrus trichrourus;2;0;1;0
Pomacentrus trilineatus;1;0;0;0
Pomacentrus tripunctatus;2;0;0;0
Pomacentrus vaiuli;7;6;23;0
Pomacentrus wardi;4;0;0;0
Pomachromis fuscidorsalis;0;0;0;0
Pomachromis richardsoni;0;0;0;0
Pomadasys incisus;13;5;2;1
Pomatomus saltatrix;106;170;631;42
Pomatoschistus minutus;31;18;212;23
Pomatoschistus pictus;16;1;3;0
Porichthys notatus;38;71;253;12
Praealticus natalis;1;0;0;0
Premnas biaculeatus;85;132;230;11
Priacanthus blochii;14;12;35;1
Priacanthus hamrur;73;29;106;20
Priolepis ascensionis;1;4;2;3
Prionotus miles;0;0;0;0
Prionurus laticlavius;18;10;55;4
Prionurus maculatus;5;2;3;0
Prionurus microlepidotus;6;0;4;0
Prionurus punctatus;15;4;25;2
Prionurus scalprum;4;4;26;2
Pristiapogon exostigma;10;3;4;0
Pristiapogon kallopterus;8;0;0;0
Pristicon trimaculatus;4;8;19;1
Prognathodes aculeatus;18;21;49;2
Prognathodes falcifer;12;22;84;2
Prolatilus jugularis;9;8;14;5
Psammoperca waigiensis;10;8;1;0
Pseudanthias bicolor;75;6;19;10
Pseudanthias dispar;126;11;34;5
Pseudanthias evansi;70;9;16;3
Pseudanthias hiva;2;0;0;0
Pseudanthias huchtii;26;0;6;2
Pseudanthias hypselosoma;25;0;1;0
Pseudanthias ignitus;28;1;5;1
Pseudanthias lori;31;1;29;3
Pseudanthias mooreanus;1;0;0;0
Pseudanthias olivaceus;3;0;0;0
Pseudanthias pascalus;20;4;7;0
Pseudanthias pictilis;41;87;456;13
Pseudanthias pleurotaenia;75;81;265;5
Pseudanthias regalis;3;0;0;0
Pseudanthias rubrizonatus;15;0;0;0
Pseudanthias squamipinnis;132;65;235;10
Pseudanthias taeniatus;15;0;2;0
Pseudanthias tuka;63;10;149;3
Pseudobalistes flavimarginatus;31;37;74;4
Pseudobalistes fuscus;37;7;50;2
Pseudobalistes naufragium;12;3;9;1
Pseudoblennius cottoides;15;20;37;0
Pseudocaranx dentex;40;57;117;4
Pseudocaranx wrighti;0;0;0;0
Pseudocheilinops ataenia;17;4;18;0
Pseudocheilinus evanidus;9;18;76;2
Pseudocheilinus hexataenia;59;47;199;7
Pseudocheilinus ocellatus;36;10;53;1
Pseudocheilinus octotaenia;12;30;110;3
Pseudocheilinus tetrataenia;13;2;38;2
Pseudochromis ammeri;2;0;0;0
Pseudochromis bitaeniatus;2;0;0;0
Pseudochromis cyanotaenia;7;0;0;0
Pseudochromis elongatus;5;0;0;0
Pseudochromis flavivertex;25;376;402;12
Pseudochromis fridmani;43;79;37;25
Pseudochromis fuscus;18;4;7;1
Pseudochromis marshallensis;2;0;0;1
Pseudochromis olivaceus;8;2;8;0
Pseudochromis pesi;1;4;29;0
Pseudochromis springeri;14;4;2;2
Pseudochromis wilsoni;0;0;0;0
Pseudocoris aurantiofasciata;0;0;0;0
Pseudocoris bleekeri;1;0;0;0
Pseudocoris yamashiroi;0;0;0;0
Pseudodax moluccanus;6;0;1;0
Pseudojuloides atavai;17;5;47;2
Pseudojuloides cerasinus;13;13;26;0
Pseudojuloides elongatus;0;0;0;0
Pseudolabrus biserialis;1;0;0;0
Pseudolabrus fuentesi;1;0;0;0
Pseudolabrus guentheri;1;0;0;0
Pseudolabrus luculentus;1;0;2;0
Pseudolabrus miles;87;56;1021;135
Pseudolabrus rubicundus;0;0;0;0
Pseudolabrus semifasciatus;6;46;146;3
Pseudolabrus sieboldi;4;11;14;1
Pseudopercis semifasciata;13;2;9;5
Pseudophycis bachus;7;0;1;2
Pseudophycis barbata;4;3;10;2
Pseudotolithus senegalensis;1;0;0;0
Pseudupeneus grandisquamis;5;0;0;0
Pseudupeneus maculatus;15;4;1;1
Pseudupeneus prayensis;2;0;0;0
Psilotris boehlkei;0;0;0;0
Pteragogus aurigarius;7;5;33;2
Pteragogus cryptus;5;35;76;2
Pteragogus enneacanthus;6;8;25;2
Pteragogus flagellifer;9;2;2;0
Pterapogon kauderni;100;182;461;17
Ptereleotris calliura;1;0;1;0
Ptereleotris evides;19;2;1;0
Ptereleotris hanae;24;14;178;2
Ptereleotris heteroptera;10;1;3;0
Ptereleotris microlepis;9;6;13;1
Ptereleotris monoptera;3;0;0;0
Ptereleotris zebra;28;5;21;2
Pterocaesio chrysozona;11;49;51;1
Pterocaesio digramma;18;40;84;0
Pterocaesio marri;5;1;1;0
Pterocaesio pisang;20;47;41;3
Pterocaesio randalli;3;0;0;0
Pterocaesio tessellata;1;0;0;0
Pterocaesio tile;108;295;583;23
Pterocaesio trilineata;2;0;0;0
Pterogobius zacalles;10;1;12;0
Pterogymnus laniarius;8;6;5;2
Pterois antennata;41;8;13;1
Pterois miles;50;57;214;15
Pterois radiata;41;11;20;3
Pterois volitans;146;198;560;19
Pygoplites diacanthus;60;596;208;9
Quassiremus evionthas;1;0;0;0
Rachycentron canadum;87;651;1024;95
Rastrelliger kanagurta;127;308;658;41
Remora remora;75;70;230;27
Repomucenus calcaratus;2;0;1;0
Rhabdamia gracilis;12;9;20;2
Rhabdosargus holubi;16;24;12;5
Rhabdosargus sarba;28;2;11;4
Rhacochilus toxotes;5;9;24;0
Rhacochilus vacca;10;15;22;1
Rhinecanthus aculeatus;27;80;272;14
Rhinecanthus assasi;34;8;24;3
Rhinecanthus lunula;8;1;4;0
Rhinecanthus rectangulus;51;40;184;10
Rhinecanthus verrucosus;20;5;10;2
Rhinogobiops nicholsii;13;7;13;0
Rhinomuraena quaesita;72;1767;4205;97
Rhomboplites aurorubens;9;0;0;0
Rhycherus filamentosus;16;28;118;1
Rhynchostracion nasus;17;6;9;0
Ruanoho whero;0;0;0;0
Rypticus bicolor;2;0;0;0
Rypticus courtenayi;0;0;0;0
Rypticus nigripinnis;2;0;0;0
Rypticus saponaceus;9;2;7;0
Salarias alboguttatus;2;3;25;0
Salarias ceramensis;10;3;10;1
Salarias fasciatus;36;6;5;1
Salarias guttatus;4;0;0;0
Salarias segmentatus;7;0;0;0
Salmo salar;297;1466;1347;96
Sanopus astrifer;7;13;27;2
Sanopus reticulatus;3;17;45;1
Sanopus splendidus;38;103;229;11
Sarda australis;6;0;2;0
Sarda orientalis;28;23;54;2
Sarda sarda;119;129;423;33
Sardina pilchardus;144;381;541;97
Sardinella aurita;87;54;44;9
Sardinops sagax;174;224;793;27
Sargocentron caudimaculatum;15;1;11;0
Sargocentron cornutum;9;1;6;3
Sargocentron diadema;14;1;1;0
Sargocentron hormion;0;0;0;0
Sargocentron ittodai;2;9;36;1
Sargocentron melanospilos;1;0;1;0
Sargocentron microstoma;1;0;0;0
Sargocentron rubrum;49;25;30;3
Sargocentron spiniferum;27;10;42;3
Sargocentron suborbitale;3;0;0;0
Sargocentron tiere;0;0;0;0
Sargocentron tiereoides;0;0;0;0
Sargocentron vexillarium;6;4;4;1
Sargocentron violaceum;1;0;0;0
Sarpa salpa;193;1473;3225;145
Saurida gracilis;46;38;95;8
Saurida nebulosa;6;0;0;0
Scaevius milii;0;0;0;0
Scartella poiti;0;0;0;0
Scartella springeri;1;0;0;0
Scarus altipinnis;2;0;0;0
Scarus chameleon;10;4;1;0
Scarus coelestinus;12;5;14;1
Scarus coeruleus;133;2598;3948;342
Scarus compressus;4;2;14;1
Scarus dimidiatus;6;24;73;2
Scarus falcipinnis;17;11;41;0
Scarus ferrugineus;26;7;15;4
Scarus festivus;4;0;6;0
Scarus flavipectoralis;3;1;0;1
Scarus forsteni;9;0;8;4
Scarus frenatus;28;18;93;9
Scarus fuscopurpureus;1;2;2;0
Scarus ghobban;43;21;76;7
Scarus globiceps;28;11;40;13
Scarus guacamaia;37;81;196;14
Scarus iseri;33;7;13;2
Scarus koputea;1;0;0;0
Scarus longipinnis;1;0;0;0
Scarus niger;30;8;19;6
Scarus oviceps;4;0;2;1
Scarus perrico;8;4;10;1
Scarus prasiognathos;12;4;10;1
Scarus psittacus;26;7;57;1
Scarus quoyi;36;28;95;7
Scarus rivulatus;27;30;92;6
Scarus rubroviolaceus;49;37;140;18
Scarus russelii;20;7;34;6
Scarus scaber;8;4;6;2
Scarus schlegeli;7;15;67;4
Scarus spinus;2;0;0;0
Scarus taeniopterus;18;7;39;2
Scarus tricolor;23;27;172;9
Scarus trispinosus;11;5;21;1
Scarus vetula;25;7;7;2
Scarus viridifucatus;6;4;9;0
Scarus zelindae;9;2;5;0
Schuettea scalaripinnis;10;0;1;1
Schuettea woodwardi;8;2;8;1
Sciaena umbra;59;32;60;6
Scobinichthys granulatus;7;1;3;0
Scolecenchelys breviceps;2;1;2;0
Scolopsis affinis;7;0;1;0
Scolopsis aurata;10;0;0;1
Scolopsis bilineata;49;20;149;9
Scolopsis ciliata;1;0;0;0
Scolopsis frenata;0;0;0;0
Scolopsis ghanam;2;106;63;13
Scolopsis lineata;4;0;0;0
Scolopsis margaritifera;6;0;1;0
Scolopsis monogramma;11;1;2;0
Scolopsis temporalis;1;1;1;2
Scolopsis trilineata;0;0;0;0
Scolopsis vosmeri;6;0;1;0
Scolopsis xenochrous;0;0;0;0
Scomber australasicus;37;9;14;8
Scomber colias;46;10;64;6
Scomberoides commersonnianus;10;1;2;1
Scomberoides lysan;20;10;75;3
Scomberoides tol;1;0;1;0
Scomberomorus commerson;75;404;532;36
Scomberomorus maculatus;27;6;6;2
Scomberomorus queenslandicus;1;1;1;1
Scomberomorus regalis;14;20;12;6
Scomberomorus sierra;23;226;7;1
Scombrops boops;39;83;689;48
Scorpaena ascensionis;1;0;0;0
Scorpaena canariensis;1;0;0;0
Scorpaena cardinalis;25;47;198;3
Scorpaena guttata;16;5;6;1
Scorpaena histrio;2;0;0;0
Scorpaena jacksoniensis;18;8;16;3
Scorpaena maderensis;22;10;20;1
Scorpaena mellissii;0;0;0;0
Scorpaena mystes;7;3;5;1
Scorpaena notata;39;13;35;2
Scorpaena papillosa;9;0;0;0
Scorpaena plumieri;73;40;119;7
Scorpaena porcus;50;24;80;13
Scorpaena scrofa;66;74;210;9
Scorpaena sumptuosa;3;0;0;0
Scorpaenichthys marmoratus;86;134;346;12
Scorpaenodes evides;10;2;4;0
Scorpaenodes parvipinnis;2;3;17;1
Scorpaenodes scaber;1;0;0;0
Scorpaenopsis cirrosa;14;2;6;2
Scorpaenopsis diabolus;60;214;524;33
Scorpaenopsis neglecta;10;107;513;4
Scorpaenopsis oxycephala;45;18;47;6
Scorpaenopsis papuensis;23;9;28;1
Scorpaenopsis possi;4;0;0;0
Scorpis aequipinnis;5;4;9;1
Scorpis georgiana;54;31;238;14
Scorpis lineolata;8;24;71;0
Scorpis violacea;4;2;0;0
Sebastapistes cyanostigma;14;0;2;1
Sebastapistes strongia;4;1;1;0
Sebastes atrovirens;13;44;141;8
Sebastes auriculatus;7;1;13;2
Sebastes carnatus;6;0;5;1
Sebastes caurinus;31;28;119;5
Sebastes chrysomelas;8;3;6;0
Sebastes flavidus;4;8;26;1
Sebastes inermis;29;24;46;4
Sebastes maliger;10;25;92;3
Sebastes mystinus;21;75;371;7
Sebastes oculatus;8;12;29;1
Sebastes paucispinis;12;1;0;0
Sebastes rastrelliger;8;11;63;1
Sebastes rosaceus;5;1;6;1
Sebastes serranoides;1;0;0;0
Sebastes serriceps;10;15;32;9
Sebastiscus albofasciatus;2;0;0;1
Sebastiscus marmoratus;50;363;791;14
Selar boops;36;3;14;2
Selar crumenophthalmus;40;30;87;3
Selaroides leptolepis;37;2;3;4
Semicossyphus darwini;13;16;73;3
Semicossyphus pulcher;34;419;986;37
Seriola dumerili;86;374;220;18
Seriola hippos;13;1;3;1
Seriola lalandi;114;62;176;11
Seriola rivoliana;42;79;155;6
Seriolella brama;2;0;0;0
Serranocirrhitus latus;29;4;1;0
Serranus atricauda;11;3;8;0
Serranus baldwini;29;2;20;2
Serranus cabrilla;52;55;137;16
Serranus flaviventris;2;0;0;0
Serranus psittacinus;3;0;5;0
Serranus scriba;77;45;159;15
Serranus socorroensis;3;0;0;0
Serranus tabacarius;15;1;6;0
Serranus tico;1;0;0;0
Serranus tigrinus;26;7;23;1
Serranus tortugarum;35;296;648;27
Siganus argenteus;13;2;4;4
Siganus corallinus;18;2;4;1
Siganus doliatus;25;9;56;5
Siganus fuscescens;53;59;158;5
Siganus guttatus;45;109;176;9
Siganus javus;44;11;43;8
Siganus lineatus;8;1;3;0
Siganus luridus;39;16;49;2
Siganus niger;7;0;0;1
Siganus puelloides;1;0;0;0
Siganus puellus;20;1;7;1
Siganus punctatissimus;1;0;0;0
Siganus punctatus;18;4;13;0
Siganus rivulatus;37;34;87;5
Siganus spinus;12;12;30;2
Siganus stellatus;37;4;44;3
Siganus trispilos;2;0;0;0
Siganus vermiculatus;11;3;2;2
Siganus virgatus;22;1;8;4
Siganus vulpinus;70;20;49;5
Signigobius biocellatus;39;95;199;9
Sillaginodes punctatus;19;21;52;1
Sillago ciliata;16;5;9;2
Sillago schomburgkii;2;1;1;1
Siphamia cephalotes;2;0;2;1
Siphamia roseigaster;1;0;0;0
Siphonognathus argyrophanes;8;27;86;9
Siphonognathus attenuatus;2;0;0;0
Siphonognathus beddomei;5;20;63;3
Siphonognathus caninis;3;0;0;3
Siphonognathus radiatus;3;4;15;1
Sparisoma amplum;5;18;62;0
Sparisoma atomarium;8;3;2;0
Sparisoma aurofrenatum;16;12;26;2
Sparisoma axillare;5;13;88;11
Sparisoma chrysopterum;12;2;4;0
Sparisoma cretense;42;76;261;14
Sparisoma frondosum;7;0;2;0
Sparisoma radians;8;2;2;0
Sparisoma rubripinne;7;1;1;0
Sparisoma viride;36;33;113;4
Sparodon durbanensis;3;2;14;1
Sphaeramia nematoptera;45;29;95;4
Sphoeroides annulatus;21;3;19;1
Sphoeroides lobatus;2;0;0;0
Sphoeroides marmoratus;8;12;20;1
Sphoeroides spengleri;26;24;58;4
Sphyraena barracuda;225;424;1314;50
Sphyraena ensis;2;3;8;0
Sphyraena flavicauda;25;2;10;1
Sphyraena helleri;7;21;88;3
Sphyraena idiastes;5;0;1;2
Sphyraena jello;30;7;30;3
Sphyraena novaehollandiae;1;1;0;0
Sphyraena obtusata;12;3;23;3
Sphyraena putnamae;15;2;7;0
Sphyraena qenie;53;35;59;3
Sphyraena viridensis;36;29;58;3
Spicara maena;26;8;18;1
Spondyliosoma cantharus;59;7;30;2
Spondyliosoma emarginatum;0;0;0;0
Spratelloides gracilis;33;34;141;3
Spratelloides robustus;2;0;0;0
Springeratus polyporatus;0;0;0;0
Squamicreedia obtusa;0;0;0;0
Stanulus talboti;0;0;0;0
Starksia galapagensis;1;0;0;0
Stegastes acapulcoensis;5;3;10;1
Stegastes adustus;11;7;43;1
Stegastes albifasciatus;2;0;0;0
Stegastes altus;4;0;4;0
Stegastes apicalis;4;6;13;1
Stegastes arcifrons;3;0;1;0
Stegastes aureus;1;1;2;0
Stegastes beebei;3;0;0;0
Stegastes diencaeus;17;1;9;0
Stegastes emeryi;4;16;69;1
Stegastes fasciolatus;7;3;19;0
Stegastes flavilatus;3;0;0;0
Stegastes fuscus;14;7;34;0
Stegastes gascoynei;1;0;0;0
Stegastes insularis;1;0;0;0
Stegastes leucorus;0;0;0;0
Stegastes leucostictus;16;1;7;1
Stegastes nigricans;19;25;160;11
Stegastes obreptus;3;0;0;2
Stegastes partitus;25;11;18;2
Stegastes pictus;4;22;92;2
Stegastes planifrons;32;35;94;2
Stegastes punctatus;2;3;11;0
Stegastes rectifraenum;2;0;1;0
Stegastes redemptus;0;0;0;0
Stegastes variabilis;25;0;20;0
Stephanolepis cirrhifer;33;5;29;8
Stephanolepis hispidus;13;9;7;0
Stereolepis gigas;40;109;213;10
Stethojulis albovittata;5;9;34;1
Stethojulis balteata;2;0;0;0
Stethojulis bandanensis;5;0;1;0
Stethojulis interrupta;1;0;0;0
Stethojulis marquesensis;0;0;0;0
Stethojulis strigiventer;15;10;16;0
Stethojulis terina;0;0;0;0
Stethojulis trilineata;1;0;0;0
Stichaeus punctatus punctatus;2;11;19;0
Stygnobrotula latebricola;9;7;33;2
Suezichthys arquatus;1;0;0;0
Suezichthys aylingi;0;0;0;0
Suezichthys cyanolaemus;0;0;0;0
Sufflamen albicaudatum;4;0;0;0
Sufflamen bursa;25;17;58;2
Sufflamen chrysopterum;16;3;3;0
Sufflamen fraenatum;8;8;16;0
Sufflamen verres;7;2;7;2
Symphodus cinereus;14;0;0;0
Symphodus doderleini;1;0;0;0
Symphodus mediterraneus;53;19;23;4
Symphodus melops;42;20;77;6
Symphodus ocellatus;51;24;56;2
Symphodus roissali;17;2;10;2
Symphodus rostratus;9;7;10;0
Symphodus tinca;41;151;35;10
Symphodus trutta;1;0;1;0
Symphorichthys spilurus;25;17;73;2
Symphorus nematophorus;5;0;0;0
Synanceia horrida;56;115;288;19
Synanceia verrucosa;74;173;620;20
Synchiropus bartelsi;2;0;0;0
Synchiropus morrisoni;10;1;3;0
Synchiropus moyeri;39;4;4;2
Synchiropus splendidus;117;883;2198;58
Synchiropus stellatus;26;3;3;0
Synchirus gilli;0;0;0;0
Synodus binotatus;2;2;2;0
Synodus capricornis;1;0;0;0
Synodus dermatogenys;10;10;61;1
Synodus doaki;1;0;0;0
Synodus intermedius;30;10;28;3
Synodus jaculum;2;0;0;0
Synodus lacertinus;6;21;49;0
Synodus rubromarmoratus;4;0;13;0
Synodus sageneus;1;0;0;0
Synodus saurus;66;14;18;7
Synodus synodus;37;11;29;4
Synodus ulae;2;0;1;1
Synodus variegatus;36;27;104;4
Taenianotus triacanthus;28;49;119;9
Taurulus bubalis;41;33;115;8
Tautoga onitis;35;17;70;7
Tautogolabrus adspersus;26;10;55;8
Tetractenos glaber;23;518;703;35
Thalassoma amblycephalum;7;0;2;0
Thalassoma bifasciatum;48;34;158;9
Thalassoma cupido;19;15;159;8
Thalassoma duperrey;21;14;54;2
Thalassoma grammaticum;4;0;2;0
Thalassoma hardwicke;76;126;515;3
Thalassoma hebraicum;13;20;78;1
Thalassoma heiseri;1;0;0;0
Thalassoma jansenii;20;0;0;0
Thalassoma lucasanum;31;56;220;14
Thalassoma lunare;38;59;249;8
Thalassoma lutescens;37;106;355;9
Thalassoma nigrofasciatum;3;0;0;0
Thalassoma pavo;70;69;222;18
Thalassoma purpureum;21;316;1182;36
Thalassoma quinquevittatum;20;63;230;4
Thalassoma robertsoni;1;0;0;0
Thalassoma rueppellii;34;38;150;4
Thalassoma septemfasciatum;2;1;2;0
Thalassoma trilobatum;13;20;51;1
Thalassoma virens;2;0;0;0
Thamnaconus analis;0;0;0;0
Thorogobius ephippiatus;15;0;1;0
Thunnus albacares;171;587;700;68
Thyrsites atun;42;42;161;11
Thysanophrys cirronasa;6;0;0;0
Tigrigobius harveyi;2;4;10;0
Tigrigobius nesiotes;0;0;0;0
Tigrigobius redimiculus;0;0;0;0
Tigrigobius saucrus;2;0;0;0
Tilodon sexfasciatus;8;25;76;1
Tomicodon bidens;0;0;0;0
Torquigener pleurogramma;7;13;50;1
Torquigener squamicauda;2;0;0;0
Totoaba macdonaldi;39;452;686;45
Trachichthys australis;7;33;93;0
Trachinops brauni;0;0;0;0
Trachinops caudimaculatus;10;0;1;0
Trachinops noarlungae;1;0;1;0
Trachinops taeniatus;15;5;11;0
Trachinotus anak;10;10;52;1
Trachinotus baillonii;15;10;106;1
Trachinotus blochii;119;101;239;35
Trachinotus ovatus;41;19;45;7
Trachinotus rhodopus;6;0;1;0
Trachinotus stilbe;2;6;11;0
Trachinus draco;59;108;361;37
Trachurus declivis;5;1;1;1
Trachurus indicus;2;0;19;3
Trachurus japonicus;36;26;109;7
Trachurus novaezelandiae;8;1;5;0
Trachurus symmetricus;21;13;22;7
Trachurus trachurus;82;80;172;21
Trachypoma macracanthus;3;1;2;0
Tragulichthys jaculiferus;2;0;0;0
Trianectes bucephalus;0;0;0;0
Tridentiger trigonocephalus;10;8;54;0
Trimma benjamini;4;1;12;0
Trimma caesiura;1;0;0;0
Trimma lantana;4;17;128;5
Trimma okinawae;12;1;2;0
Trimma striatum;8;0;0;0
Trinorfolkia clarkei;9;31;351;14
Trinorfolkia cristata;1;0;0;0
Tripterygion delaisi;38;10;43;6
Tripterygion melanurum;6;1;0;0
Trisopterus minutus;16;8;37;2
Tylosurus crocodilus crocodilus;48;151;714;16
Ucla xenogrammus;5;2;5;1
Ulua mentalis;6;0;0;0
Umbrina galapagorum;0;0;0;0
Upeneichthys lineatus;9;1;3;1
Upeneichthys vlamingii;11;0;4;0
Upeneus moluccensis;11;0;2;1
Upeneus tragula;27;13;57;5
Uraspis helvola;3;0;1;0
Valenciennea alleni;0;0;0;0
Valenciennea helsdingenii;16;24;86;6
Valenciennea immaculata;6;4;9;0
Valenciennea longipinnis;5;0;0;0
Valenciennea muralis;4;5;13;1
Valenciennea parva;0;0;0;0
Valenciennea puellaris;42;1;25;2
Valenciennea randalli;3;0;2;0
Valenciennea sexguttata;41;8;34;2
Valenciennea strigata;44;6;14;0
Variola albimarginata;11;29;95;0
Variola louti;47;37;66;4
Verulux cypselurus;5;0;0;0
Vincentia conspersa;21;2;7;2
Vincentia novaehollandiae;6;2;12;0
Vladichthys gloverensis;5;34;79;1
Xanthichthys mento;36;17;71;3
Xenichthys agassizii;1;0;0;1
Xenocys jessiae;7;1;9;0
Xyrichtys novacula;78;62;130;4
Xyrichtys victori;0;0;0;0
Xyrichtys wellingtoni;0;0;0;0
Zabidius novemaculeatus;0;0;0;0
Zanclistius elevatus;1;0;0;0
Zanclus cornutus;118;139;528;25
Zebrasoma desjardinii;73;25;64;6
Zebrasoma flavescens;77;459;957;27
Zebrasoma rostratum;39;8;36;1
Zebrasoma scopas;41;18;26;0
Zebrasoma velifer;59;34;62;4
Zebrasoma xanthurum;65;20;106;13
Zeus faber;111;220;547;37
Zoarchias veneficus;8;2;15;0
Zoramia fragilis;3;0;0;0
Zoramia leptacantha;41;3;15;0
Zoramia viridiventer;2;0;2;1